date,trial,donor,receiver,donation.sec,,,
2010.12.06,1,bella,mya,1662,,,
2010.12.07,2,bella,thecount,16,,,
2010.12.07,2,veronica,thecount,174,,,
2010.12.07,2,bella,thecount,16,,,
2010.12.07,2,veronica,thecount,174,,,
2010.12.09,4,bella,cerce,507,,,
2010.12.09,4,countess,cerce,532,,,
2010.12.09,4,maribelo,cerce,24,,,
2010.12.09,4,vampirella,cerce,149,,,
2010.12.09,4,bella,cerce,507,,,
2010.12.09,4,countess,cerce,532,,,
2010.12.09,4,maribelo,cerce,24,,,
2010.12.09,4,vampirella,cerce,149,,,
2010.12.09,4,bella,cerce,507,,,
2010.12.09,4,countess,cerce,532,,,
2010.12.09,4,maribelo,cerce,24,,,
2010.12.09,4,vampirella,cerce,149,,,
2010.12.09,4,bella,cerce,507,,,
2010.12.09,4,countess,cerce,532,,,
2010.12.09,4,maribelo,cerce,24,,,
2010.12.09,4,vampirella,cerce,149,,,
2010.12.11,6,cerce,bella,5,,,
2010.12.11,6,countess,bella,190,,,
2010.12.11,6,fuschia,bella,14,,,
2010.12.11,6,helsing,bella,32,,,
2010.12.11,6,lucy,bella,6,,,
2010.12.11,6,maribelo,bella,316,,,
2010.12.11,6,mya,bella,7,,,
2010.12.11,6,vampirella,bella,5,,,
2010.12.11,6,cerce,bella,5,,,
2010.12.11,6,countess,bella,190,,,
2010.12.11,6,fuschia,bella,14,,,
2010.12.11,6,helsing,bella,32,,,
2010.12.11,6,lucy,bella,6,,,
2010.12.11,6,maribelo,bella,316,,,
2010.12.11,6,mya,bella,7,,,
2010.12.11,6,vampirella,bella,5,,,
2010.12.11,6,cerce,bella,5,,,
2010.12.11,6,countess,bella,190,,,
2010.12.11,6,fuschia,bella,14,,,
2010.12.11,6,helsing,bella,32,,,
2010.12.11,6,lucy,bella,6,,,
2010.12.11,6,maribelo,bella,316,,,
2010.12.11,6,mya,bella,7,,,
2010.12.11,6,vampirella,bella,5,,,
2010.12.11,6,cerce,bella,5,,,
2010.12.11,6,countess,bella,190,,,
2010.12.11,6,fuschia,bella,14,,,
2010.12.11,6,helsing,bella,32,,,
2010.12.11,6,lucy,bella,6,,,
2010.12.11,6,maribelo,bella,316,,,
2010.12.11,6,mya,bella,7,,,
2010.12.11,6,vampirella,bella,5,,,
2010.12.11,6,cerce,bella,5,,,
2010.12.11,6,countess,bella,190,,,
2010.12.11,6,fuschia,bella,14,,,
2010.12.11,6,helsing,bella,32,,,
2010.12.11,6,lucy,bella,6,,,
2010.12.11,6,maribelo,bella,316,,,
2010.12.11,6,mya,bella,7,,,
2010.12.11,6,vampirella,bella,5,,,
2010.12.11,6,cerce,bella,5,,,
2010.12.11,6,countess,bella,190,,,
2010.12.11,6,fuschia,bella,14,,,
2010.12.11,6,helsing,bella,32,,,
2010.12.11,6,lucy,bella,6,,,
2010.12.11,6,maribelo,bella,316,,,
2010.12.11,6,mya,bella,7,,,
2010.12.11,6,vampirella,bella,5,,,
2010.12.11,6,cerce,bella,5,,,
2010.12.11,6,countess,bella,190,,,
2010.12.11,6,fuschia,bella,14,,,
2010.12.11,6,helsing,bella,32,,,
2010.12.11,6,lucy,bella,6,,,
2010.12.11,6,maribelo,bella,316,,,
2010.12.11,6,mya,bella,7,,,
2010.12.11,6,vampirella,bella,5,,,
2010.12.11,6,cerce,bella,5,,,
2010.12.11,6,countess,bella,190,,,
2010.12.11,6,fuschia,bella,14,,,
2010.12.11,6,helsing,bella,32,,,
2010.12.11,6,lucy,bella,6,,,
2010.12.11,6,maribelo,bella,316,,,
2010.12.11,6,mya,bella,7,,,
2010.12.11,6,vampirella,bella,5,,,
2010.12.12,7,mya,streblick,3315,,,
2010.12.13,8,countess,helsing,43,,,
2010.12.13,8,lucy,helsing,5,,,
2010.12.13,8,mya,helsing,562,,,
2010.12.13,8,countess,helsing,43,,,
2010.12.13,8,lucy,helsing,5,,,
2010.12.13,8,mya,helsing,562,,,
2010.12.13,8,countess,helsing,43,,,
2010.12.13,8,lucy,helsing,5,,,
2010.12.13,8,mya,helsing,562,,,
2010.12.14,9,bella,fuschia,71,,,
2010.12.14,9,countess,fuschia,5,,,
2010.12.14,9,veronica,fuschia,384,,,
2010.12.14,9,bella,fuschia,71,,,
2010.12.14,9,countess,fuschia,5,,,
2010.12.14,9,veronica,fuschia,384,,,
2010.12.14,9,bella,fuschia,71,,,
2010.12.14,9,countess,fuschia,5,,,
2010.12.14,9,veronica,fuschia,384,,,
2010.12.17,11,gelfling,vampirella,632,,,
2010.12.17,11,mya,vampirella,1333,,,
2010.12.17,11,gelfling,vampirella,632,,,
2010.12.17,11,mya,vampirella,1333,,,
2010.12.18,12,countess,veronica,232,,,
2010.12.18,12,mya,veronica,1356,,,
2010.12.18,12,thecount,veronica,637,,,
2010.12.18,12,countess,veronica,232,,,
2010.12.18,12,mya,veronica,1356,,,
2010.12.18,12,thecount,veronica,637,,,
2010.12.18,12,countess,veronica,232,,,
2010.12.18,12,mya,veronica,1356,,,
2010.12.18,12,thecount,veronica,637,,,
2010.12.19,13,bella,maribelo,37,,,
2010.12.19,13,lucy,maribelo,1577,,,
2010.12.19,13,bella,maribelo,37,,,
2010.12.19,13,lucy,maribelo,1577,,,
2010.12.21,14,countess,lucy,52,,,
2010.12.21,14,maribelo,lucy,54,,,
2010.12.21,14,countess,lucy,52,,,
2010.12.21,14,maribelo,lucy,54,,,
2010.12.27,15,bella,veronica,77,,,
2010.12.27,15,countess,veronica,85,,,
2010.12.27,15,mya,veronica,1068,,,
2010.12.27,15,thecount,veronica,289,,,
2010.12.27,15,bella,veronica,77,,,
2010.12.27,15,countess,veronica,85,,,
2010.12.27,15,mya,veronica,1068,,,
2010.12.27,15,thecount,veronica,289,,,
2010.12.27,15,bella,veronica,77,,,
2010.12.27,15,countess,veronica,85,,,
2010.12.27,15,mya,veronica,1068,,,
2010.12.27,15,thecount,veronica,289,,,
2010.12.27,15,bella,veronica,77,,,
2010.12.27,15,countess,veronica,85,,,
2010.12.27,15,mya,veronica,1068,,,
2010.12.27,15,thecount,veronica,289,,,
2010.12.28,16,bella,cerce,535,,,
2010.12.28,16,countess,cerce,630,,,
2010.12.28,16,mya,cerce,135,,,
2010.12.28,16,bella,cerce,535,,,
2010.12.28,16,countess,cerce,630,,,
2010.12.28,16,mya,cerce,135,,,
2010.12.28,16,bella,cerce,535,,,
2010.12.28,16,countess,cerce,630,,,
2010.12.28,16,mya,cerce,135,,,
2010.12.29,17,bella,mya,1481,,,
2010.12.29,17,countess,mya,43,,,
2010.12.29,17,streblick,mya,1465,,,
2010.12.29,17,bella,mya,1481,,,
2010.12.29,17,countess,mya,43,,,
2010.12.29,17,streblick,mya,1465,,,
2010.12.29,17,bella,mya,1481,,,
2010.12.29,17,countess,mya,43,,,
2010.12.29,17,streblick,mya,1465,,,
2010.12.30,18,countess,thecount,515,,,
2010.12.30,18,veronica,thecount,149,,,
2010.12.30,18,countess,thecount,515,,,
2010.12.30,18,veronica,thecount,149,,,
2010.12.31,19,mya,bella,670,,,
2011.01.01,20,bella,vampirella,428,,,
2011.01.01,20,countess,vampirella,271,,,
2011.01.01,20,gelfling,vampirella,335,,,
2011.01.01,20,mya,vampirella,619,,,
2011.01.01,20,bella,vampirella,428,,,
2011.01.01,20,countess,vampirella,271,,,
2011.01.01,20,gelfling,vampirella,335,,,
2011.01.01,20,mya,vampirella,619,,,
2011.01.01,20,bella,vampirella,428,,,
2011.01.01,20,countess,vampirella,271,,,
2011.01.01,20,gelfling,vampirella,335,,,
2011.01.01,20,mya,vampirella,619,,,
2011.01.01,20,bella,vampirella,428,,,
2011.01.01,20,countess,vampirella,271,,,
2011.01.01,20,gelfling,vampirella,335,,,
2011.01.01,20,mya,vampirella,619,,,
2011.08.07,21,bella,vampirella,528,,,
2011.08.07,21,maribelo,vampirella,22,,,
2011.08.07,21,mya,vampirella,279,,,
2011.08.07,21,bella,vampirella,528,,,
2011.08.07,21,maribelo,vampirella,22,,,
2011.08.07,21,mya,vampirella,279,,,
2011.08.07,21,bella,vampirella,528,,,
2011.08.07,21,maribelo,vampirella,22,,,
2011.08.07,21,mya,vampirella,279,,,
2011.08.08,22,gomez,bella,472,,,
2011.08.08,22,helsing,bella,524,,,
2011.08.08,22,lucy,bella,21,,,
2011.08.08,22,mya,bella,87,,,
2011.08.08,22,gomez,bella,472,,,
2011.08.08,22,helsing,bella,524,,,
2011.08.08,22,lucy,bella,21,,,
2011.08.08,22,mya,bella,87,,,
2011.08.08,22,gomez,bella,472,,,
2011.08.08,22,helsing,bella,524,,,
2011.08.08,22,lucy,bella,21,,,
2011.08.08,22,mya,bella,87,,,
2011.08.08,22,gomez,bella,472,,,
2011.08.08,22,helsing,bella,524,,,
2011.08.08,22,lucy,bella,21,,,
2011.08.08,22,mya,bella,87,,,
2011.08.09,23,bella,mya,7,,,
2011.08.09,23,streblick,mya,387,,,
2011.08.09,23,veronica,mya,604,,,
2011.08.09,23,bella,mya,7,,,
2011.08.09,23,streblick,mya,387,,,
2011.08.09,23,veronica,mya,604,,,
2011.08.09,23,bella,mya,7,,,
2011.08.09,23,streblick,mya,387,,,
2011.08.09,23,veronica,mya,604,,,
2011.08.10,24,bella,veronica,244,,,
2011.08.10,24,fuschia,veronica,194,,,
2011.08.10,24,lucy,veronica,156,,,
2011.08.10,24,mya,veronica,820,,,
2011.08.10,24,bella,veronica,244,,,
2011.08.10,24,fuschia,veronica,194,,,
2011.08.10,24,lucy,veronica,156,,,
2011.08.10,24,mya,veronica,820,,,
2011.08.10,24,bella,veronica,244,,,
2011.08.10,24,fuschia,veronica,194,,,
2011.08.10,24,lucy,veronica,156,,,
2011.08.10,24,mya,veronica,820,,,
2011.08.10,24,bella,veronica,244,,,
2011.08.10,24,fuschia,veronica,194,,,
2011.08.10,24,lucy,veronica,156,,,
2011.08.10,24,mya,veronica,820,,,
2011.08.11,25,bella,lucy,23,,,
2011.08.11,25,maribelo,lucy,541,,,
2011.08.11,25,mya,lucy,770,,,
2011.08.11,25,vampirella,lucy,491,,,
2011.08.11,25,veronica,lucy,389,,,
2011.08.11,25,vlad,lucy,197,,,
2011.08.11,25,bella,lucy,23,,,
2011.08.11,25,maribelo,lucy,541,,,
2011.08.11,25,mya,lucy,770,,,
2011.08.11,25,vampirella,lucy,491,,,
2011.08.11,25,veronica,lucy,389,,,
2011.08.11,25,vlad,lucy,197,,,
2011.08.11,25,bella,lucy,23,,,
2011.08.11,25,maribelo,lucy,541,,,
2011.08.11,25,mya,lucy,770,,,
2011.08.11,25,vampirella,lucy,491,,,
2011.08.11,25,veronica,lucy,389,,,
2011.08.11,25,vlad,lucy,197,,,
2011.08.11,25,bella,lucy,23,,,
2011.08.11,25,maribelo,lucy,541,,,
2011.08.11,25,mya,lucy,770,,,
2011.08.11,25,vampirella,lucy,491,,,
2011.08.11,25,veronica,lucy,389,,,
2011.08.11,25,vlad,lucy,197,,,
2011.08.11,25,bella,lucy,23,,,
2011.08.11,25,maribelo,lucy,541,,,
2011.08.11,25,mya,lucy,770,,,
2011.08.11,25,vampirella,lucy,491,,,
2011.08.11,25,veronica,lucy,389,,,
2011.08.11,25,vlad,lucy,197,,,
2011.08.11,25,bella,lucy,23,,,
2011.08.11,25,maribelo,lucy,541,,,
2011.08.11,25,mya,lucy,770,,,
2011.08.11,25,vampirella,lucy,491,,,
2011.08.11,25,veronica,lucy,389,,,
2011.08.11,25,vlad,lucy,197,,,
2011.08.15,26,bella,vampirella,59,,,
2011.08.15,26,lucy,vampirella,5,,,
2011.08.15,26,maribelo,vampirella,566,,,
2011.08.15,26,mya,vampirella,236,,,
2011.08.15,26,thecount,vampirella,321,,,
2011.08.15,26,veronica,vampirella,23,,,
2011.08.15,26,bella,vampirella,59,,,
2011.08.15,26,lucy,vampirella,5,,,
2011.08.15,26,maribelo,vampirella,566,,,
2011.08.15,26,mya,vampirella,236,,,
2011.08.15,26,thecount,vampirella,321,,,
2011.08.15,26,veronica,vampirella,23,,,
2011.08.15,26,bella,vampirella,59,,,
2011.08.15,26,lucy,vampirella,5,,,
2011.08.15,26,maribelo,vampirella,566,,,
2011.08.15,26,mya,vampirella,236,,,
2011.08.15,26,thecount,vampirella,321,,,
2011.08.15,26,veronica,vampirella,23,,,
2011.08.15,26,bella,vampirella,59,,,
2011.08.15,26,lucy,vampirella,5,,,
2011.08.15,26,maribelo,vampirella,566,,,
2011.08.15,26,mya,vampirella,236,,,
2011.08.15,26,thecount,vampirella,321,,,
2011.08.15,26,veronica,vampirella,23,,,
2011.08.15,26,bella,vampirella,59,,,
2011.08.15,26,lucy,vampirella,5,,,
2011.08.15,26,maribelo,vampirella,566,,,
2011.08.15,26,mya,vampirella,236,,,
2011.08.15,26,thecount,vampirella,321,,,
2011.08.15,26,veronica,vampirella,23,,,
2011.08.15,26,bella,vampirella,59,,,
2011.08.15,26,lucy,vampirella,5,,,
2011.08.15,26,maribelo,vampirella,566,,,
2011.08.15,26,mya,vampirella,236,,,
2011.08.15,26,thecount,vampirella,321,,,
2011.08.15,26,veronica,vampirella,23,,,
2011.08.16,27,bella,mya,83,,,
2011.08.16,27,mina,mya,38,,,
2011.08.16,27,veronica,mya,721,,,
2011.08.16,27,bella,mya,83,,,
2011.08.16,27,mina,mya,38,,,
2011.08.16,27,veronica,mya,721,,,
2011.08.16,27,bella,mya,83,,,
2011.08.16,27,mina,mya,38,,,
2011.08.16,27,veronica,mya,721,,,
2011.08.17,28,helsing,bella,630,,,
2011.08.17,28,lucy,bella,206,,,
2011.08.17,28,maribelo,bella,17,,,
2011.08.17,28,mina,bella,188,,,
2011.08.17,28,vampirella,bella,35,,,
2011.08.17,28,veronica,bella,90,,,
2011.08.17,28,helsing,bella,630,,,
2011.08.17,28,lucy,bella,206,,,
2011.08.17,28,maribelo,bella,17,,,
2011.08.17,28,mina,bella,188,,,
2011.08.17,28,vampirella,bella,35,,,
2011.08.17,28,veronica,bella,90,,,
2011.08.17,28,helsing,bella,630,,,
2011.08.17,28,lucy,bella,206,,,
2011.08.17,28,maribelo,bella,17,,,
2011.08.17,28,mina,bella,188,,,
2011.08.17,28,vampirella,bella,35,,,
2011.08.17,28,veronica,bella,90,,,
2011.08.17,28,helsing,bella,630,,,
2011.08.17,28,lucy,bella,206,,,
2011.08.17,28,maribelo,bella,17,,,
2011.08.17,28,mina,bella,188,,,
2011.08.17,28,vampirella,bella,35,,,
2011.08.17,28,veronica,bella,90,,,
2011.08.17,28,helsing,bella,630,,,
2011.08.17,28,lucy,bella,206,,,
2011.08.17,28,maribelo,bella,17,,,
2011.08.17,28,mina,bella,188,,,
2011.08.17,28,vampirella,bella,35,,,
2011.08.17,28,veronica,bella,90,,,
2011.08.17,28,helsing,bella,630,,,
2011.08.17,28,lucy,bella,206,,,
2011.08.17,28,maribelo,bella,17,,,
2011.08.17,28,mina,bella,188,,,
2011.08.17,28,vampirella,bella,35,,,
2011.08.17,28,veronica,bella,90,,,
2011.08.18,29,bella,lucy,7,,,
2011.08.18,29,maribelo,lucy,1170,,,
2011.08.18,29,mya,lucy,240,,,
2011.08.18,29,vampirella,lucy,782,,,
2011.08.18,29,veronica,lucy,168,,,
2011.08.18,29,bella,lucy,7,,,
2011.08.18,29,maribelo,lucy,1170,,,
2011.08.18,29,mya,lucy,240,,,
2011.08.18,29,vampirella,lucy,782,,,
2011.08.18,29,veronica,lucy,168,,,
2011.08.18,29,bella,lucy,7,,,
2011.08.18,29,maribelo,lucy,1170,,,
2011.08.18,29,mya,lucy,240,,,
2011.08.18,29,vampirella,lucy,782,,,
2011.08.18,29,veronica,lucy,168,,,
2011.08.18,29,bella,lucy,7,,,
2011.08.18,29,maribelo,lucy,1170,,,
2011.08.18,29,mya,lucy,240,,,
2011.08.18,29,vampirella,lucy,782,,,
2011.08.18,29,veronica,lucy,168,,,
2011.08.18,29,bella,lucy,7,,,
2011.08.18,29,maribelo,lucy,1170,,,
2011.08.18,29,mya,lucy,240,,,
2011.08.18,29,vampirella,lucy,782,,,
2011.08.18,29,veronica,lucy,168,,,
2011.08.19,30,fuschia,veronica,150,,,
2011.08.19,30,mina,veronica,35,,,
2011.08.19,30,mya,veronica,629,,,
2011.08.19,30,vampirella,veronica,210,,,
2011.08.19,30,fuschia,veronica,150,,,
2011.08.19,30,mina,veronica,35,,,
2011.08.19,30,mya,veronica,629,,,
2011.08.19,30,vampirella,veronica,210,,,
2011.08.19,30,fuschia,veronica,150,,,
2011.08.19,30,mina,veronica,35,,,
2011.08.19,30,mya,veronica,629,,,
2011.08.19,30,vampirella,veronica,210,,,
2011.08.19,30,fuschia,veronica,150,,,
2011.08.19,30,mina,veronica,35,,,
2011.08.19,30,mya,veronica,629,,,
2011.08.19,30,vampirella,veronica,210,,,
2011.08.23,31,bella,veronica,23,,,
2011.08.23,31,fuschia,veronica,77,,,
2011.08.23,31,lucy,veronica,22,,,
2011.08.23,31,mina,veronica,68,,,
2011.08.23,31,mya,veronica,952,,,
2011.08.23,31,vampirella,veronica,170,,,
2011.08.23,31,bella,veronica,23,,,
2011.08.23,31,fuschia,veronica,77,,,
2011.08.23,31,lucy,veronica,22,,,
2011.08.23,31,mina,veronica,68,,,
2011.08.23,31,mya,veronica,952,,,
2011.08.23,31,vampirella,veronica,170,,,
2011.08.23,31,bella,veronica,23,,,
2011.08.23,31,fuschia,veronica,77,,,
2011.08.23,31,lucy,veronica,22,,,
2011.08.23,31,mina,veronica,68,,,
2011.08.23,31,mya,veronica,952,,,
2011.08.23,31,vampirella,veronica,170,,,
2011.08.23,31,bella,veronica,23,,,
2011.08.23,31,fuschia,veronica,77,,,
2011.08.23,31,lucy,veronica,22,,,
2011.08.23,31,mina,veronica,68,,,
2011.08.23,31,mya,veronica,952,,,
2011.08.23,31,vampirella,veronica,170,,,
2011.08.23,31,bella,veronica,23,,,
2011.08.23,31,fuschia,veronica,77,,,
2011.08.23,31,lucy,veronica,22,,,
2011.08.23,31,mina,veronica,68,,,
2011.08.23,31,mya,veronica,952,,,
2011.08.23,31,vampirella,veronica,170,,,
2011.08.23,31,bella,veronica,23,,,
2011.08.23,31,fuschia,veronica,77,,,
2011.08.23,31,lucy,veronica,22,,,
2011.08.23,31,mina,veronica,68,,,
2011.08.23,31,mya,veronica,952,,,
2011.08.23,31,vampirella,veronica,170,,,
2011.08.24,32,gomez,bella,72,,,
2011.08.24,32,helsing,bella,397,,,
2011.08.24,32,lucy,bella,176,,,
2011.08.24,32,maribelo,bella,104,,,
2011.08.24,32,mina,bella,105,,,
2011.08.24,32,mya,bella,138,,,
2011.08.24,32,gomez,bella,72,,,
2011.08.24,32,helsing,bella,397,,,
2011.08.24,32,lucy,bella,176,,,
2011.08.24,32,maribelo,bella,104,,,
2011.08.24,32,mina,bella,105,,,
2011.08.24,32,mya,bella,138,,,
2011.08.24,32,gomez,bella,72,,,
2011.08.24,32,helsing,bella,397,,,
2011.08.24,32,lucy,bella,176,,,
2011.08.24,32,maribelo,bella,104,,,
2011.08.24,32,mina,bella,105,,,
2011.08.24,32,mya,bella,138,,,
2011.08.24,32,gomez,bella,72,,,
2011.08.24,32,helsing,bella,397,,,
2011.08.24,32,lucy,bella,176,,,
2011.08.24,32,maribelo,bella,104,,,
2011.08.24,32,mina,bella,105,,,
2011.08.24,32,mya,bella,138,,,
2011.08.24,32,gomez,bella,72,,,
2011.08.24,32,helsing,bella,397,,,
2011.08.24,32,lucy,bella,176,,,
2011.08.24,32,maribelo,bella,104,,,
2011.08.24,32,mina,bella,105,,,
2011.08.24,32,mya,bella,138,,,
2011.08.24,32,gomez,bella,72,,,
2011.08.24,32,helsing,bella,397,,,
2011.08.24,32,lucy,bella,176,,,
2011.08.24,32,maribelo,bella,104,,,
2011.08.24,32,mina,bella,105,,,
2011.08.24,32,mya,bella,138,,,
2011.08.25,33,bella,vampirella,54,,,
2011.08.25,33,lucy,vampirella,209,,,
2011.08.25,33,maribelo,vampirella,87,,,
2011.08.25,33,veronica,vampirella,127,,,
2011.08.25,33,bella,vampirella,54,,,
2011.08.25,33,lucy,vampirella,209,,,
2011.08.25,33,maribelo,vampirella,87,,,
2011.08.25,33,veronica,vampirella,127,,,
2011.08.25,33,bella,vampirella,54,,,
2011.08.25,33,lucy,vampirella,209,,,
2011.08.25,33,maribelo,vampirella,87,,,
2011.08.25,33,veronica,vampirella,127,,,
2011.08.25,33,bella,vampirella,54,,,
2011.08.25,33,lucy,vampirella,209,,,
2011.08.25,33,maribelo,vampirella,87,,,
2011.08.25,33,veronica,vampirella,127,,,
2011.08.26,34,maribelo,lucy,760,,,
2011.08.26,34,mya,lucy,1032,,,
2011.08.26,34,vampirella,lucy,92,,,
2011.08.26,34,veronica,lucy,174,,,
2011.08.26,34,maribelo,lucy,760,,,
2011.08.26,34,mya,lucy,1032,,,
2011.08.26,34,vampirella,lucy,92,,,
2011.08.26,34,veronica,lucy,174,,,
2011.08.26,34,maribelo,lucy,760,,,
2011.08.26,34,mya,lucy,1032,,,
2011.08.26,34,vampirella,lucy,92,,,
2011.08.26,34,veronica,lucy,174,,,
2011.08.26,34,maribelo,lucy,760,,,
2011.08.26,34,mya,lucy,1032,,,
2011.08.26,34,vampirella,lucy,92,,,
2011.08.26,34,veronica,lucy,174,,,
2011.08.27,35,bella,mya,46,,,
2011.08.27,35,helsing,mya,5,,,
2011.08.27,35,lucy,mya,459,,,
2011.08.27,35,veronica,mya,805,,,
2011.08.27,35,bella,mya,46,,,
2011.08.27,35,helsing,mya,5,,,
2011.08.27,35,lucy,mya,459,,,
2011.08.27,35,veronica,mya,805,,,
2011.08.27,35,bella,mya,46,,,
2011.08.27,35,helsing,mya,5,,,
2011.08.27,35,lucy,mya,459,,,
2011.08.27,35,veronica,mya,805,,,
2011.08.27,35,bella,mya,46,,,
2011.08.27,35,helsing,mya,5,,,
2011.08.27,35,lucy,mya,459,,,
2011.08.27,35,veronica,mya,805,,,
2012.01.03,36,bella,mya,202,,,
2012.01.03,36,cerce,mya,39,,,
2012.01.03,36,lucy,mya,154,,,
2012.01.03,36,mina,mya,191,,,
2012.01.03,36,veronica,mya,596,,,
2012.01.03,36,bella,mya,202,,,
2012.01.03,36,cerce,mya,39,,,
2012.01.03,36,lucy,mya,154,,,
2012.01.03,36,mina,mya,191,,,
2012.01.03,36,veronica,mya,596,,,
2012.01.03,36,bella,mya,202,,,
2012.01.03,36,cerce,mya,39,,,
2012.01.03,36,lucy,mya,154,,,
2012.01.03,36,mina,mya,191,,,
2012.01.03,36,veronica,mya,596,,,
2012.01.03,36,bella,mya,202,,,
2012.01.03,36,cerce,mya,39,,,
2012.01.03,36,lucy,mya,154,,,
2012.01.03,36,mina,mya,191,,,
2012.01.03,36,veronica,mya,596,,,
2012.01.03,36,bella,mya,202,,,
2012.01.03,36,cerce,mya,39,,,
2012.01.03,36,lucy,mya,154,,,
2012.01.03,36,mina,mya,191,,,
2012.01.03,36,veronica,mya,596,,,
2012.01.04,37,bella,cerce,123,,,
2012.01.04,37,countess,cerce,163,,,
2012.01.04,37,lily,cerce,21,,,
2012.01.04,37,lucy,cerce,115,,,
2012.01.04,37,mina,cerce,365,,,
2012.01.04,37,veronica,cerce,258,,,
2012.01.04,37,bella,cerce,123,,,
2012.01.04,37,countess,cerce,163,,,
2012.01.04,37,lily,cerce,21,,,
2012.01.04,37,lucy,cerce,115,,,
2012.01.04,37,mina,cerce,365,,,
2012.01.04,37,veronica,cerce,258,,,
2012.01.04,37,bella,cerce,123,,,
2012.01.04,37,countess,cerce,163,,,
2012.01.04,37,lily,cerce,21,,,
2012.01.04,37,lucy,cerce,115,,,
2012.01.04,37,mina,cerce,365,,,
2012.01.04,37,veronica,cerce,258,,,
2012.01.04,37,bella,cerce,123,,,
2012.01.04,37,countess,cerce,163,,,
2012.01.04,37,lily,cerce,21,,,
2012.01.04,37,lucy,cerce,115,,,
2012.01.04,37,mina,cerce,365,,,
2012.01.04,37,veronica,cerce,258,,,
2012.01.04,37,bella,cerce,123,,,
2012.01.04,37,countess,cerce,163,,,
2012.01.04,37,lily,cerce,21,,,
2012.01.04,37,lucy,cerce,115,,,
2012.01.04,37,mina,cerce,365,,,
2012.01.04,37,veronica,cerce,258,,,
2012.01.04,37,bella,cerce,123,,,
2012.01.04,37,countess,cerce,163,,,
2012.01.04,37,lily,cerce,21,,,
2012.01.04,37,lucy,cerce,115,,,
2012.01.04,37,mina,cerce,365,,,
2012.01.04,37,veronica,cerce,258,,,
2012.01.05,38,bella,countess,124,,,
2012.01.05,38,cerce,countess,264,,,
2012.01.05,38,flapper,countess,53,,,
2012.01.05,38,lucy,countess,85,,,
2012.01.05,38,mina,countess,1061,,,
2012.01.05,38,mya,countess,22,,,
2012.01.05,38,veronica,countess,321,,,
2012.01.05,38,bella,countess,124,,,
2012.01.05,38,cerce,countess,264,,,
2012.01.05,38,flapper,countess,53,,,
2012.01.05,38,lucy,countess,85,,,
2012.01.05,38,mina,countess,1061,,,
2012.01.05,38,mya,countess,22,,,
2012.01.05,38,veronica,countess,321,,,
2012.01.05,38,bella,countess,124,,,
2012.01.05,38,cerce,countess,264,,,
2012.01.05,38,flapper,countess,53,,,
2012.01.05,38,lucy,countess,85,,,
2012.01.05,38,mina,countess,1061,,,
2012.01.05,38,mya,countess,22,,,
2012.01.05,38,veronica,countess,321,,,
2012.01.05,38,bella,countess,124,,,
2012.01.05,38,cerce,countess,264,,,
2012.01.05,38,flapper,countess,53,,,
2012.01.05,38,lucy,countess,85,,,
2012.01.05,38,mina,countess,1061,,,
2012.01.05,38,mya,countess,22,,,
2012.01.05,38,veronica,countess,321,,,
2012.01.05,38,bella,countess,124,,,
2012.01.05,38,cerce,countess,264,,,
2012.01.05,38,flapper,countess,53,,,
2012.01.05,38,lucy,countess,85,,,
2012.01.05,38,mina,countess,1061,,,
2012.01.05,38,mya,countess,22,,,
2012.01.05,38,veronica,countess,321,,,
2012.01.05,38,bella,countess,124,,,
2012.01.05,38,cerce,countess,264,,,
2012.01.05,38,flapper,countess,53,,,
2012.01.05,38,lucy,countess,85,,,
2012.01.05,38,mina,countess,1061,,,
2012.01.05,38,mya,countess,22,,,
2012.01.05,38,veronica,countess,321,,,
2012.01.05,38,bella,countess,124,,,
2012.01.05,38,cerce,countess,264,,,
2012.01.05,38,flapper,countess,53,,,
2012.01.05,38,lucy,countess,85,,,
2012.01.05,38,mina,countess,1061,,,
2012.01.05,38,mya,countess,22,,,
2012.01.05,38,veronica,countess,321,,,
2012.01.06,39,lily,bella,288,,,
2012.01.06,39,mina,bella,1090,,,
2012.01.06,39,mya,bella,641,,,
2012.01.06,39,lily,bella,288,,,
2012.01.06,39,mina,bella,1090,,,
2012.01.06,39,mya,bella,641,,,
2012.01.06,39,lily,bella,288,,,
2012.01.06,39,mina,bella,1090,,,
2012.01.06,39,mya,bella,641,,,
2012.01.07,40,bella,mina,646,,,
2012.01.07,40,countess,mina,80,,,
2012.01.07,40,lily,mina,353,,,
2012.01.07,40,lucy,mina,226,,,
2012.01.07,40,thecount,mina,33,,,
2012.01.07,40,veronica,mina,256,,,
2012.01.07,40,bella,mina,646,,,
2012.01.07,40,countess,mina,80,,,
2012.01.07,40,lily,mina,353,,,
2012.01.07,40,lucy,mina,226,,,
2012.01.07,40,thecount,mina,33,,,
2012.01.07,40,veronica,mina,256,,,
2012.01.07,40,bella,mina,646,,,
2012.01.07,40,countess,mina,80,,,
2012.01.07,40,lily,mina,353,,,
2012.01.07,40,lucy,mina,226,,,
2012.01.07,40,thecount,mina,33,,,
2012.01.07,40,veronica,mina,256,,,
2012.01.07,40,bella,mina,646,,,
2012.01.07,40,countess,mina,80,,,
2012.01.07,40,lily,mina,353,,,
2012.01.07,40,lucy,mina,226,,,
2012.01.07,40,thecount,mina,33,,,
2012.01.07,40,veronica,mina,256,,,
2012.01.07,40,bella,mina,646,,,
2012.01.07,40,countess,mina,80,,,
2012.01.07,40,lily,mina,353,,,
2012.01.07,40,lucy,mina,226,,,
2012.01.07,40,thecount,mina,33,,,
2012.01.07,40,veronica,mina,256,,,
2012.01.07,40,bella,mina,646,,,
2012.01.07,40,countess,mina,80,,,
2012.01.07,40,lily,mina,353,,,
2012.01.07,40,lucy,mina,226,,,
2012.01.07,40,thecount,mina,33,,,
2012.01.07,40,veronica,mina,256,,,
2012.01.08,41,bella,veronica,122,,,
2012.01.08,41,countess,veronica,120,,,
2012.01.08,41,flapper,veronica,565,,,
2012.01.08,41,lily,veronica,385,,,
2012.01.08,41,lucy,veronica,214,,,
2012.01.08,41,mina,veronica,1040,,,
2012.01.08,41,bella,veronica,122,,,
2012.01.08,41,countess,veronica,120,,,
2012.01.08,41,flapper,veronica,565,,,
2012.01.08,41,lily,veronica,385,,,
2012.01.08,41,lucy,veronica,214,,,
2012.01.08,41,mina,veronica,1040,,,
2012.01.08,41,bella,veronica,122,,,
2012.01.08,41,countess,veronica,120,,,
2012.01.08,41,flapper,veronica,565,,,
2012.01.08,41,lily,veronica,385,,,
2012.01.08,41,lucy,veronica,214,,,
2012.01.08,41,mina,veronica,1040,,,
2012.01.08,41,bella,veronica,122,,,
2012.01.08,41,countess,veronica,120,,,
2012.01.08,41,flapper,veronica,565,,,
2012.01.08,41,lily,veronica,385,,,
2012.01.08,41,lucy,veronica,214,,,
2012.01.08,41,mina,veronica,1040,,,
2012.01.08,41,bella,veronica,122,,,
2012.01.08,41,countess,veronica,120,,,
2012.01.08,41,flapper,veronica,565,,,
2012.01.08,41,lily,veronica,385,,,
2012.01.08,41,lucy,veronica,214,,,
2012.01.08,41,mina,veronica,1040,,,
2012.01.08,41,bella,veronica,122,,,
2012.01.08,41,countess,veronica,120,,,
2012.01.08,41,flapper,veronica,565,,,
2012.01.08,41,lily,veronica,385,,,
2012.01.08,41,lucy,veronica,214,,,
2012.01.08,41,mina,veronica,1040,,,
2012.01.09,42,bella,lucy,144,,,
2012.01.09,42,countess,lucy,47,,,
2012.01.09,42,lily,lucy,489,,,
2012.01.09,42,mina,lucy,1306,,,
2012.01.09,42,mya,lucy,1173,,,
2012.01.09,42,veronica,lucy,66,,,
2012.01.09,42,bella,lucy,144,,,
2012.01.09,42,countess,lucy,47,,,
2012.01.09,42,lily,lucy,489,,,
2012.01.09,42,mina,lucy,1306,,,
2012.01.09,42,mya,lucy,1173,,,
2012.01.09,42,veronica,lucy,66,,,
2012.01.09,42,bella,lucy,144,,,
2012.01.09,42,countess,lucy,47,,,
2012.01.09,42,lily,lucy,489,,,
2012.01.09,42,mina,lucy,1306,,,
2012.01.09,42,mya,lucy,1173,,,
2012.01.09,42,veronica,lucy,66,,,
2012.01.09,42,bella,lucy,144,,,
2012.01.09,42,countess,lucy,47,,,
2012.01.09,42,lily,lucy,489,,,
2012.01.09,42,mina,lucy,1306,,,
2012.01.09,42,mya,lucy,1173,,,
2012.01.09,42,veronica,lucy,66,,,
2012.01.09,42,bella,lucy,144,,,
2012.01.09,42,countess,lucy,47,,,
2012.01.09,42,lily,lucy,489,,,
2012.01.09,42,mina,lucy,1306,,,
2012.01.09,42,mya,lucy,1173,,,
2012.01.09,42,veronica,lucy,66,,,
2012.01.09,42,bella,lucy,144,,,
2012.01.09,42,countess,lucy,47,,,
2012.01.09,42,lily,lucy,489,,,
2012.01.09,42,mina,lucy,1306,,,
2012.01.09,42,mya,lucy,1173,,,
2012.01.09,42,veronica,lucy,66,,,
2012.01.12,43,flapper,countess,203,,,
2012.01.12,43,lily,countess,162,,,
2012.01.12,43,lucy,countess,111,,,
2012.01.12,43,mina,countess,401,,,
2012.01.12,43,thecount,countess,546,,,
2012.01.12,43,veronica,countess,682,,,
2012.01.12,43,flapper,countess,203,,,
2012.01.12,43,lily,countess,162,,,
2012.01.12,43,lucy,countess,111,,,
2012.01.12,43,mina,countess,401,,,
2012.01.12,43,thecount,countess,546,,,
2012.01.12,43,veronica,countess,682,,,
2012.01.12,43,flapper,countess,203,,,
2012.01.12,43,lily,countess,162,,,
2012.01.12,43,lucy,countess,111,,,
2012.01.12,43,mina,countess,401,,,
2012.01.12,43,thecount,countess,546,,,
2012.01.12,43,veronica,countess,682,,,
2012.01.12,43,flapper,countess,203,,,
2012.01.12,43,lily,countess,162,,,
2012.01.12,43,lucy,countess,111,,,
2012.01.12,43,mina,countess,401,,,
2012.01.12,43,thecount,countess,546,,,
2012.01.12,43,veronica,countess,682,,,
2012.01.12,43,flapper,countess,203,,,
2012.01.12,43,lily,countess,162,,,
2012.01.12,43,lucy,countess,111,,,
2012.01.12,43,mina,countess,401,,,
2012.01.12,43,thecount,countess,546,,,
2012.01.12,43,veronica,countess,682,,,
2012.01.12,43,flapper,countess,203,,,
2012.01.12,43,lily,countess,162,,,
2012.01.12,43,lucy,countess,111,,,
2012.01.12,43,mina,countess,401,,,
2012.01.12,43,thecount,countess,546,,,
2012.01.12,43,veronica,countess,682,,,
2012.01.13,44,bella,lily,1108,,,
2012.01.14,45,bella,cerce,292,,,
2012.01.14,45,mina,cerce,814,,,
2012.01.14,45,speedster,cerce,463,,,
2012.01.14,45,thecount,cerce,574,,,
2012.01.14,45,veronica,cerce,137,,,
2012.01.14,45,bella,cerce,292,,,
2012.01.14,45,mina,cerce,814,,,
2012.01.14,45,speedster,cerce,463,,,
2012.01.14,45,thecount,cerce,574,,,
2012.01.14,45,veronica,cerce,137,,,
2012.01.14,45,bella,cerce,292,,,
2012.01.14,45,mina,cerce,814,,,
2012.01.14,45,speedster,cerce,463,,,
2012.01.14,45,thecount,cerce,574,,,
2012.01.14,45,veronica,cerce,137,,,
2012.01.14,45,bella,cerce,292,,,
2012.01.14,45,mina,cerce,814,,,
2012.01.14,45,speedster,cerce,463,,,
2012.01.14,45,thecount,cerce,574,,,
2012.01.14,45,veronica,cerce,137,,,
2012.01.14,45,bella,cerce,292,,,
2012.01.14,45,mina,cerce,814,,,
2012.01.14,45,speedster,cerce,463,,,
2012.01.14,45,thecount,cerce,574,,,
2012.01.14,45,veronica,cerce,137,,,
2012.01.15,46,lily,mina,211,,,
2012.01.15,46,lucy,mina,145,,,
2012.01.15,46,speedster,mina,57,,,
2012.01.15,46,thecount,mina,179,,,
2012.01.15,46,veronica,mina,256,,,
2012.01.15,46,lily,mina,211,,,
2012.01.15,46,lucy,mina,145,,,
2012.01.15,46,speedster,mina,57,,,
2012.01.15,46,thecount,mina,179,,,
2012.01.15,46,veronica,mina,256,,,
2012.01.15,46,lily,mina,211,,,
2012.01.15,46,lucy,mina,145,,,
2012.01.15,46,speedster,mina,57,,,
2012.01.15,46,thecount,mina,179,,,
2012.01.15,46,veronica,mina,256,,,
2012.01.15,46,lily,mina,211,,,
2012.01.15,46,lucy,mina,145,,,
2012.01.15,46,speedster,mina,57,,,
2012.01.15,46,thecount,mina,179,,,
2012.01.15,46,veronica,mina,256,,,
2012.01.15,46,lily,mina,211,,,
2012.01.15,46,lucy,mina,145,,,
2012.01.15,46,speedster,mina,57,,,
2012.01.15,46,thecount,mina,179,,,
2012.01.15,46,veronica,mina,256,,,
2012.01.16,47,cerce,speedster,518,,,
2012.01.16,47,countess,speedster,22,,,
2012.01.16,47,flapper,speedster,131,,,
2012.01.16,47,lily,speedster,425,,,
2012.01.16,47,lucy,speedster,94,,,
2012.01.16,47,mina,speedster,39,,,
2012.01.16,47,mya,speedster,191,,,
2012.01.16,47,veronica,speedster,14,,,
2012.01.16,47,cerce,speedster,518,,,
2012.01.16,47,countess,speedster,22,,,
2012.01.16,47,flapper,speedster,131,,,
2012.01.16,47,lily,speedster,425,,,
2012.01.16,47,lucy,speedster,94,,,
2012.01.16,47,mina,speedster,39,,,
2012.01.16,47,mya,speedster,191,,,
2012.01.16,47,veronica,speedster,14,,,
2012.01.16,47,cerce,speedster,518,,,
2012.01.16,47,countess,speedster,22,,,
2012.01.16,47,flapper,speedster,131,,,
2012.01.16,47,lily,speedster,425,,,
2012.01.16,47,lucy,speedster,94,,,
2012.01.16,47,mina,speedster,39,,,
2012.01.16,47,mya,speedster,191,,,
2012.01.16,47,veronica,speedster,14,,,
2012.01.16,47,cerce,speedster,518,,,
2012.01.16,47,countess,speedster,22,,,
2012.01.16,47,flapper,speedster,131,,,
2012.01.16,47,lily,speedster,425,,,
2012.01.16,47,lucy,speedster,94,,,
2012.01.16,47,mina,speedster,39,,,
2012.01.16,47,mya,speedster,191,,,
2012.01.16,47,veronica,speedster,14,,,
2012.01.16,47,cerce,speedster,518,,,
2012.01.16,47,countess,speedster,22,,,
2012.01.16,47,flapper,speedster,131,,,
2012.01.16,47,lily,speedster,425,,,
2012.01.16,47,lucy,speedster,94,,,
2012.01.16,47,mina,speedster,39,,,
2012.01.16,47,mya,speedster,191,,,
2012.01.16,47,veronica,speedster,14,,,
2012.01.16,47,cerce,speedster,518,,,
2012.01.16,47,countess,speedster,22,,,
2012.01.16,47,flapper,speedster,131,,,
2012.01.16,47,lily,speedster,425,,,
2012.01.16,47,lucy,speedster,94,,,
2012.01.16,47,mina,speedster,39,,,
2012.01.16,47,mya,speedster,191,,,
2012.01.16,47,veronica,speedster,14,,,
2012.01.16,47,cerce,speedster,518,,,
2012.01.16,47,countess,speedster,22,,,
2012.01.16,47,flapper,speedster,131,,,
2012.01.16,47,lily,speedster,425,,,
2012.01.16,47,lucy,speedster,94,,,
2012.01.16,47,mina,speedster,39,,,
2012.01.16,47,mya,speedster,191,,,
2012.01.16,47,veronica,speedster,14,,,
2012.01.16,47,cerce,speedster,518,,,
2012.01.16,47,countess,speedster,22,,,
2012.01.16,47,flapper,speedster,131,,,
2012.01.16,47,lily,speedster,425,,,
2012.01.16,47,lucy,speedster,94,,,
2012.01.16,47,mina,speedster,39,,,
2012.01.16,47,mya,speedster,191,,,
2012.01.16,47,veronica,speedster,14,,,
2012.01.17,48,bella,flapper,5,,,
2012.01.17,48,cerce,flapper,140,,,
2012.01.17,48,countess,flapper,513,,,
2012.01.17,48,gelfling,flapper,179,,,
2012.01.17,48,lily,flapper,12,,,
2012.01.17,48,lucy,flapper,12,,,
2012.01.17,48,mina,flapper,352,,,
2012.01.17,48,thecount,flapper,356,,,
2012.01.17,48,bella,flapper,5,,,
2012.01.17,48,cerce,flapper,140,,,
2012.01.17,48,countess,flapper,513,,,
2012.01.17,48,gelfling,flapper,179,,,
2012.01.17,48,lily,flapper,12,,,
2012.01.17,48,lucy,flapper,12,,,
2012.01.17,48,mina,flapper,352,,,
2012.01.17,48,thecount,flapper,356,,,
2012.01.17,48,bella,flapper,5,,,
2012.01.17,48,cerce,flapper,140,,,
2012.01.17,48,countess,flapper,513,,,
2012.01.17,48,gelfling,flapper,179,,,
2012.01.17,48,lily,flapper,12,,,
2012.01.17,48,lucy,flapper,12,,,
2012.01.17,48,mina,flapper,352,,,
2012.01.17,48,thecount,flapper,356,,,
2012.01.17,48,bella,flapper,5,,,
2012.01.17,48,cerce,flapper,140,,,
2012.01.17,48,countess,flapper,513,,,
2012.01.17,48,gelfling,flapper,179,,,
2012.01.17,48,lily,flapper,12,,,
2012.01.17,48,lucy,flapper,12,,,
2012.01.17,48,mina,flapper,352,,,
2012.01.17,48,thecount,flapper,356,,,
2012.01.17,48,bella,flapper,5,,,
2012.01.17,48,cerce,flapper,140,,,
2012.01.17,48,countess,flapper,513,,,
2012.01.17,48,gelfling,flapper,179,,,
2012.01.17,48,lily,flapper,12,,,
2012.01.17,48,lucy,flapper,12,,,
2012.01.17,48,mina,flapper,352,,,
2012.01.17,48,thecount,flapper,356,,,
2012.01.17,48,bella,flapper,5,,,
2012.01.17,48,cerce,flapper,140,,,
2012.01.17,48,countess,flapper,513,,,
2012.01.17,48,gelfling,flapper,179,,,
2012.01.17,48,lily,flapper,12,,,
2012.01.17,48,lucy,flapper,12,,,
2012.01.17,48,mina,flapper,352,,,
2012.01.17,48,thecount,flapper,356,,,
2012.01.17,48,bella,flapper,5,,,
2012.01.17,48,cerce,flapper,140,,,
2012.01.17,48,countess,flapper,513,,,
2012.01.17,48,gelfling,flapper,179,,,
2012.01.17,48,lily,flapper,12,,,
2012.01.17,48,lucy,flapper,12,,,
2012.01.17,48,mina,flapper,352,,,
2012.01.17,48,thecount,flapper,356,,,
2012.01.17,48,bella,flapper,5,,,
2012.01.17,48,cerce,flapper,140,,,
2012.01.17,48,countess,flapper,513,,,
2012.01.17,48,gelfling,flapper,179,,,
2012.01.17,48,lily,flapper,12,,,
2012.01.17,48,lucy,flapper,12,,,
2012.01.17,48,mina,flapper,352,,,
2012.01.17,48,thecount,flapper,356,,,
2012.01.20,49,bella,countess,7,,,
2012.01.20,49,cerce,countess,24,,,
2012.01.20,49,flapper,countess,469,,,
2012.01.20,49,mina,countess,250,,,
2012.01.20,49,veronica,countess,537,,,
2012.01.20,49,bella,countess,7,,,
2012.01.20,49,cerce,countess,24,,,
2012.01.20,49,flapper,countess,469,,,
2012.01.20,49,mina,countess,250,,,
2012.01.20,49,veronica,countess,537,,,
2012.01.20,49,bella,countess,7,,,
2012.01.20,49,cerce,countess,24,,,
2012.01.20,49,flapper,countess,469,,,
2012.01.20,49,mina,countess,250,,,
2012.01.20,49,veronica,countess,537,,,
2012.01.20,49,bella,countess,7,,,
2012.01.20,49,cerce,countess,24,,,
2012.01.20,49,flapper,countess,469,,,
2012.01.20,49,mina,countess,250,,,
2012.01.20,49,veronica,countess,537,,,
2012.01.20,49,bella,countess,7,,,
2012.01.20,49,cerce,countess,24,,,
2012.01.20,49,flapper,countess,469,,,
2012.01.20,49,mina,countess,250,,,
2012.01.20,49,veronica,countess,537,,,
2012.01.21,50,bella,cerce,75,,,
2012.01.21,50,mina,cerce,374,,,
2012.01.21,50,mya,cerce,1013,,,
2012.01.21,50,speedster,cerce,169,,,
2012.01.21,50,veronica,cerce,201,,,
2012.01.21,50,bella,cerce,75,,,
2012.01.21,50,mina,cerce,374,,,
2012.01.21,50,mya,cerce,1013,,,
2012.01.21,50,speedster,cerce,169,,,
2012.01.21,50,veronica,cerce,201,,,
2012.01.21,50,bella,cerce,75,,,
2012.01.21,50,mina,cerce,374,,,
2012.01.21,50,mya,cerce,1013,,,
2012.01.21,50,speedster,cerce,169,,,
2012.01.21,50,veronica,cerce,201,,,
2012.01.21,50,bella,cerce,75,,,
2012.01.21,50,mina,cerce,374,,,
2012.01.21,50,mya,cerce,1013,,,
2012.01.21,50,speedster,cerce,169,,,
2012.01.21,50,veronica,cerce,201,,,
2012.01.21,50,bella,cerce,75,,,
2012.01.21,50,mina,cerce,374,,,
2012.01.21,50,mya,cerce,1013,,,
2012.01.21,50,speedster,cerce,169,,,
2012.01.21,50,veronica,cerce,201,,,
2012.01.22,51,countess,mina,101,,,
2012.01.22,51,lily,mina,108,,,
2012.01.22,51,lucy,mina,97,,,
2012.01.22,51,mya,mina,549,,,
2012.01.22,51,speedster,mina,55,,,
2012.01.22,51,veronica,mina,164,,,
2012.01.22,51,countess,mina,101,,,
2012.01.22,51,lily,mina,108,,,
2012.01.22,51,lucy,mina,97,,,
2012.01.22,51,mya,mina,549,,,
2012.01.22,51,speedster,mina,55,,,
2012.01.22,51,veronica,mina,164,,,
2012.01.22,51,countess,mina,101,,,
2012.01.22,51,lily,mina,108,,,
2012.01.22,51,lucy,mina,97,,,
2012.01.22,51,mya,mina,549,,,
2012.01.22,51,speedster,mina,55,,,
2012.01.22,51,veronica,mina,164,,,
2012.01.22,51,countess,mina,101,,,
2012.01.22,51,lily,mina,108,,,
2012.01.22,51,lucy,mina,97,,,
2012.01.22,51,mya,mina,549,,,
2012.01.22,51,speedster,mina,55,,,
2012.01.22,51,veronica,mina,164,,,
2012.01.22,51,countess,mina,101,,,
2012.01.22,51,lily,mina,108,,,
2012.01.22,51,lucy,mina,97,,,
2012.01.22,51,mya,mina,549,,,
2012.01.22,51,speedster,mina,55,,,
2012.01.22,51,veronica,mina,164,,,
2012.01.22,51,countess,mina,101,,,
2012.01.22,51,lily,mina,108,,,
2012.01.22,51,lucy,mina,97,,,
2012.01.22,51,mya,mina,549,,,
2012.01.22,51,speedster,mina,55,,,
2012.01.22,51,veronica,mina,164,,,
2013.02.05,52,cerceson,cerce,539,,,
2013.02.05,52,lily,cerce,54,,,
2013.02.05,52,veronica,cerce,153,,,
2013.02.05,52,cerceson,cerce,539,,,
2013.02.05,52,lily,cerce,54,,,
2013.02.05,52,veronica,cerce,153,,,
2013.02.05,52,cerceson,cerce,539,,,
2013.02.05,52,lily,cerce,54,,,
2013.02.05,52,veronica,cerce,153,,,
2013.02.06,53,bella,mya,240,,,
2013.02.06,53,lily,mya,435,,,
2013.02.06,53,lucy,mya,9,,,
2013.02.06,53,pixus,mya,114,,,
2013.02.06,53,streblick,mya,192,,,
2013.02.06,53,thecount,mya,380,,,
2013.02.06,53,veronica,mya,426,,,
2013.02.06,53,bella,mya,240,,,
2013.02.06,53,lily,mya,435,,,
2013.02.06,53,lucy,mya,9,,,
2013.02.06,53,pixus,mya,114,,,
2013.02.06,53,streblick,mya,192,,,
2013.02.06,53,thecount,mya,380,,,
2013.02.06,53,veronica,mya,426,,,
2013.02.06,53,bella,mya,240,,,
2013.02.06,53,lily,mya,435,,,
2013.02.06,53,lucy,mya,9,,,
2013.02.06,53,pixus,mya,114,,,
2013.02.06,53,streblick,mya,192,,,
2013.02.06,53,thecount,mya,380,,,
2013.02.06,53,veronica,mya,426,,,
2013.02.06,53,bella,mya,240,,,
2013.02.06,53,lily,mya,435,,,
2013.02.06,53,lucy,mya,9,,,
2013.02.06,53,pixus,mya,114,,,
2013.02.06,53,streblick,mya,192,,,
2013.02.06,53,thecount,mya,380,,,
2013.02.06,53,veronica,mya,426,,,
2013.02.06,53,bella,mya,240,,,
2013.02.06,53,lily,mya,435,,,
2013.02.06,53,lucy,mya,9,,,
2013.02.06,53,pixus,mya,114,,,
2013.02.06,53,streblick,mya,192,,,
2013.02.06,53,thecount,mya,380,,,
2013.02.06,53,veronica,mya,426,,,
2013.02.06,53,bella,mya,240,,,
2013.02.06,53,lily,mya,435,,,
2013.02.06,53,lucy,mya,9,,,
2013.02.06,53,pixus,mya,114,,,
2013.02.06,53,streblick,mya,192,,,
2013.02.06,53,thecount,mya,380,,,
2013.02.06,53,veronica,mya,426,,,
2013.02.06,53,bella,mya,240,,,
2013.02.06,53,lily,mya,435,,,
2013.02.06,53,lucy,mya,9,,,
2013.02.06,53,pixus,mya,114,,,
2013.02.06,53,streblick,mya,192,,,
2013.02.06,53,thecount,mya,380,,,
2013.02.06,53,veronica,mya,426,,,
2013.02.07,54,flapper,countess,72,,,
2013.02.07,54,mina,countess,27,,,
2013.02.07,54,mya,countess,147,,,
2013.02.07,54,pixus,countess,165,,,
2013.02.07,54,thecount,countess,229,,,
2013.02.07,54,veronica,countess,247,,,
2013.02.07,54,zaria,countess,37,,,
2013.02.07,54,flapper,countess,72,,,
2013.02.07,54,mina,countess,27,,,
2013.02.07,54,mya,countess,147,,,
2013.02.07,54,pixus,countess,165,,,
2013.02.07,54,thecount,countess,229,,,
2013.02.07,54,veronica,countess,247,,,
2013.02.07,54,zaria,countess,37,,,
2013.02.07,54,flapper,countess,72,,,
2013.02.07,54,mina,countess,27,,,
2013.02.07,54,mya,countess,147,,,
2013.02.07,54,pixus,countess,165,,,
2013.02.07,54,thecount,countess,229,,,
2013.02.07,54,veronica,countess,247,,,
2013.02.07,54,zaria,countess,37,,,
2013.02.07,54,flapper,countess,72,,,
2013.02.07,54,mina,countess,27,,,
2013.02.07,54,mya,countess,147,,,
2013.02.07,54,pixus,countess,165,,,
2013.02.07,54,thecount,countess,229,,,
2013.02.07,54,veronica,countess,247,,,
2013.02.07,54,zaria,countess,37,,,
2013.02.07,54,flapper,countess,72,,,
2013.02.07,54,mina,countess,27,,,
2013.02.07,54,mya,countess,147,,,
2013.02.07,54,pixus,countess,165,,,
2013.02.07,54,thecount,countess,229,,,
2013.02.07,54,veronica,countess,247,,,
2013.02.07,54,zaria,countess,37,,,
2013.02.07,54,flapper,countess,72,,,
2013.02.07,54,mina,countess,27,,,
2013.02.07,54,mya,countess,147,,,
2013.02.07,54,pixus,countess,165,,,
2013.02.07,54,thecount,countess,229,,,
2013.02.07,54,veronica,countess,247,,,
2013.02.07,54,zaria,countess,37,,,
2013.02.07,54,flapper,countess,72,,,
2013.02.07,54,mina,countess,27,,,
2013.02.07,54,mya,countess,147,,,
2013.02.07,54,pixus,countess,165,,,
2013.02.07,54,thecount,countess,229,,,
2013.02.07,54,veronica,countess,247,,,
2013.02.07,54,zaria,countess,37,,,
2013.02.08,55,cerce,vampirella,10,,,
2013.02.08,55,countess,vampirella,128,,,
2013.02.08,55,thecount,vampirella,176,,,
2013.02.08,55,veronica,vampirella,10,,,
2013.02.08,55,whimsey,vampirella,206,,,
2013.02.08,55,cerce,vampirella,10,,,
2013.02.08,55,countess,vampirella,128,,,
2013.02.08,55,thecount,vampirella,176,,,
2013.02.08,55,veronica,vampirella,10,,,
2013.02.08,55,whimsey,vampirella,206,,,
2013.02.08,55,cerce,vampirella,10,,,
2013.02.08,55,countess,vampirella,128,,,
2013.02.08,55,thecount,vampirella,176,,,
2013.02.08,55,veronica,vampirella,10,,,
2013.02.08,55,whimsey,vampirella,206,,,
2013.02.08,55,cerce,vampirella,10,,,
2013.02.08,55,countess,vampirella,128,,,
2013.02.08,55,thecount,vampirella,176,,,
2013.02.08,55,veronica,vampirella,10,,,
2013.02.08,55,whimsey,vampirella,206,,,
2013.02.08,55,cerce,vampirella,10,,,
2013.02.08,55,countess,vampirella,128,,,
2013.02.08,55,thecount,vampirella,176,,,
2013.02.08,55,veronica,vampirella,10,,,
2013.02.08,55,whimsey,vampirella,206,,,
2013.02.09,56,gelfling,bella,75,,,
2013.02.09,56,lily,bella,996,,,
2013.02.09,56,pixus,bella,42,,,
2013.02.09,56,gelfling,bella,75,,,
2013.02.09,56,lily,bella,996,,,
2013.02.09,56,pixus,bella,42,,,
2013.02.09,56,gelfling,bella,75,,,
2013.02.09,56,lily,bella,996,,,
2013.02.09,56,pixus,bella,42,,,
2013.02.11,57,bella,lucy,12,,,
2013.02.11,57,mina,lucy,39,,,
2013.02.11,57,mya,lucy,742,,,
2013.02.11,57,pixus,lucy,214,,,
2013.02.11,57,veronica,lucy,103,,,
2013.02.11,57,zaria,lucy,1061,,,
2013.02.11,57,bella,lucy,12,,,
2013.02.11,57,mina,lucy,39,,,
2013.02.11,57,mya,lucy,742,,,
2013.02.11,57,pixus,lucy,214,,,
2013.02.11,57,veronica,lucy,103,,,
2013.02.11,57,zaria,lucy,1061,,,
2013.02.11,57,bella,lucy,12,,,
2013.02.11,57,mina,lucy,39,,,
2013.02.11,57,mya,lucy,742,,,
2013.02.11,57,pixus,lucy,214,,,
2013.02.11,57,veronica,lucy,103,,,
2013.02.11,57,zaria,lucy,1061,,,
2013.02.11,57,bella,lucy,12,,,
2013.02.11,57,mina,lucy,39,,,
2013.02.11,57,mya,lucy,742,,,
2013.02.11,57,pixus,lucy,214,,,
2013.02.11,57,veronica,lucy,103,,,
2013.02.11,57,zaria,lucy,1061,,,
2013.02.11,57,bella,lucy,12,,,
2013.02.11,57,mina,lucy,39,,,
2013.02.11,57,mya,lucy,742,,,
2013.02.11,57,pixus,lucy,214,,,
2013.02.11,57,veronica,lucy,103,,,
2013.02.11,57,zaria,lucy,1061,,,
2013.02.11,57,bella,lucy,12,,,
2013.02.11,57,mina,lucy,39,,,
2013.02.11,57,mya,lucy,742,,,
2013.02.11,57,pixus,lucy,214,,,
2013.02.11,57,veronica,lucy,103,,,
2013.02.11,57,zaria,lucy,1061,,,
2013.02.12,58,lucy,zaria,720,,,
2013.02.13,59,bella,lily,1200,,,
2013.02.13,59,gelfling,lily,192,,,
2013.02.13,59,pixus,lily,198,,,
2013.02.13,59,bella,lily,1200,,,
2013.02.13,59,gelfling,lily,192,,,
2013.02.13,59,pixus,lily,198,,,
2013.02.13,59,bella,lily,1200,,,
2013.02.13,59,gelfling,lily,192,,,
2013.02.13,59,pixus,lily,198,,,
2013.02.14,60,gomez,flapper,1068,,,
2013.02.15,61,bella,veronica,185,,,
2013.02.15,61,countess,veronica,186,,,
2013.02.15,61,mya,veronica,389,,,
2013.02.15,61,pixus,veronica,77,,,
2013.02.15,61,bella,veronica,185,,,
2013.02.15,61,countess,veronica,186,,,
2013.02.15,61,mya,veronica,389,,,
2013.02.15,61,pixus,veronica,77,,,
2013.02.15,61,bella,veronica,185,,,
2013.02.15,61,countess,veronica,186,,,
2013.02.15,61,mya,veronica,389,,,
2013.02.15,61,pixus,veronica,77,,,
2013.02.15,61,bella,veronica,185,,,
2013.02.15,61,countess,veronica,186,,,
2013.02.15,61,mya,veronica,389,,,
2013.02.15,61,pixus,veronica,77,,,
2013.02.16,62,bella,pixus,1388,,,
2013.02.16,62,lucy,pixus,171,,,
2013.02.16,62,bella,pixus,1388,,,
2013.02.16,62,lucy,pixus,171,,,
2013.02.17,63,bella,mya,271,,,
2013.02.17,63,lily,mya,808,,,
2013.02.17,63,mina,mya,51,,,
2013.02.17,63,veronica,mya,15,,,
2013.02.17,63,bella,mya,271,,,
2013.02.17,63,lily,mya,808,,,
2013.02.17,63,mina,mya,51,,,
2013.02.17,63,veronica,mya,15,,,
2013.02.17,63,bella,mya,271,,,
2013.02.17,63,lily,mya,808,,,
2013.02.17,63,mina,mya,51,,,
2013.02.17,63,veronica,mya,15,,,
2013.02.17,63,bella,mya,271,,,
2013.02.17,63,lily,mya,808,,,
2013.02.17,63,mina,mya,51,,,
2013.02.17,63,veronica,mya,15,,,
2013.02.18,64,cerce,cerceson,648,,,
2013.02.18,64,gomez,cerceson,55,,,
2013.02.18,64,cerce,cerceson,648,,,
2013.02.18,64,gomez,cerceson,55,,,
2013.02.19,65,flapper,countess,205,,,
2013.02.19,65,lily,countess,158,,,
2013.02.19,65,lucy,countess,109,,,
2013.02.19,65,mya,countess,352,,,
2013.02.19,65,veronica,countess,169,,,
2013.02.19,65,flapper,countess,205,,,
2013.02.19,65,lily,countess,158,,,
2013.02.19,65,lucy,countess,109,,,
2013.02.19,65,mya,countess,352,,,
2013.02.19,65,veronica,countess,169,,,
2013.02.19,65,flapper,countess,205,,,
2013.02.19,65,lily,countess,158,,,
2013.02.19,65,lucy,countess,109,,,
2013.02.19,65,mya,countess,352,,,
2013.02.19,65,veronica,countess,169,,,
2013.02.19,65,flapper,countess,205,,,
2013.02.19,65,lily,countess,158,,,
2013.02.19,65,lucy,countess,109,,,
2013.02.19,65,mya,countess,352,,,
2013.02.19,65,veronica,countess,169,,,
2013.02.19,65,flapper,countess,205,,,
2013.02.19,65,lily,countess,158,,,
2013.02.19,65,lucy,countess,109,,,
2013.02.19,65,mya,countess,352,,,
2013.02.19,65,veronica,countess,169,,,
2013.02.20,66,lucy,zaria,1615,,,
2013.02.22,67,gomez,whimsey,83,,,
2013.02.22,67,vampirella,whimsey,46,,,
2013.02.22,67,gomez,whimsey,83,,,
2013.02.22,67,vampirella,whimsey,46,,,
2013.02.23,68,countess,bella,11,,,
2013.02.23,68,lily,bella,1286,,,
2013.02.23,68,mya,bella,61,,,
2013.02.23,68,veronica,bella,36,,,
2013.02.23,68,countess,bella,11,,,
2013.02.23,68,lily,bella,1286,,,
2013.02.23,68,mya,bella,61,,,
2013.02.23,68,veronica,bella,36,,,
2013.02.23,68,countess,bella,11,,,
2013.02.23,68,lily,bella,1286,,,
2013.02.23,68,mya,bella,61,,,
2013.02.23,68,veronica,bella,36,,,
2013.02.23,68,countess,bella,11,,,
2013.02.23,68,lily,bella,1286,,,
2013.02.23,68,mya,bella,61,,,
2013.02.23,68,veronica,bella,36,,,
2013.02.24,69,bella,vampirella,219,,,
2013.02.24,69,mya,vampirella,209,,,
2013.02.24,69,veronica,vampirella,48,,,
2013.02.24,69,whimsey,vampirella,171,,,
2013.02.24,69,bella,vampirella,219,,,
2013.02.24,69,mya,vampirella,209,,,
2013.02.24,69,veronica,vampirella,48,,,
2013.02.24,69,whimsey,vampirella,171,,,
2013.02.24,69,bella,vampirella,219,,,
2013.02.24,69,mya,vampirella,209,,,
2013.02.24,69,veronica,vampirella,48,,,
2013.02.24,69,whimsey,vampirella,171,,,
2013.02.24,69,bella,vampirella,219,,,
2013.02.24,69,mya,vampirella,209,,,
2013.02.24,69,veronica,vampirella,48,,,
2013.02.24,69,whimsey,vampirella,171,,,
2013.02.26,70,bella,lily,784,,,
2013.02.27,71,bella,lucy,47,,,
2013.02.27,71,mya,lucy,473,,,
2013.02.27,71,zaria,lucy,1604,,,
2013.02.27,71,bella,lucy,47,,,
2013.02.27,71,mya,lucy,473,,,
2013.02.27,71,zaria,lucy,1604,,,
2013.02.27,71,bella,lucy,47,,,
2013.02.27,71,mya,lucy,473,,,
2013.02.27,71,zaria,lucy,1604,,,
2014.03.12,72,lucy,mya,300,,,
2014.03.12,72,mina,mya,300,,,
2014.03.12,72,streblick,mya,720,,,
2014.03.12,72,veronica,mya,120,,,
2014.03.12,72,lucy,mya,300,,,
2014.03.12,72,mina,mya,300,,,
2014.03.12,72,streblick,mya,720,,,
2014.03.12,72,veronica,mya,120,,,
2014.03.12,72,lucy,mya,300,,,
2014.03.12,72,mina,mya,300,,,
2014.03.12,72,streblick,mya,720,,,
2014.03.12,72,veronica,mya,120,,,
2014.03.12,72,lucy,mya,300,,,
2014.03.12,72,mina,mya,300,,,
2014.03.12,72,streblick,mya,720,,,
2014.03.12,72,veronica,mya,120,,,
2014.03.13,73,fuschia,marce,240,,,
2014.03.14,74,bella,gremlin,1680,,,
2014.03.15,75,bella,mina,120,,,
2014.03.15,75,lucy,mina,60,,,
2014.03.15,75,leonard,mina,240,,,
2014.03.15,75,bella,mina,120,,,
2014.03.15,75,lucy,mina,60,,,
2014.03.15,75,leonard,mina,240,,,
2014.03.15,75,bella,mina,120,,,
2014.03.15,75,lucy,mina,60,,,
2014.03.15,75,leonard,mina,240,,,
2014.03.16,76,lucy,zaria,360,,,
2014.03.16,76,mina,zaria,420,,,
2014.03.16,76,veronica,zaria,180,,,
2014.03.16,76,zarison,zaria,780,,,
2014.03.16,76,lucy,zaria,360,,,
2014.03.16,76,mina,zaria,420,,,
2014.03.16,76,veronica,zaria,180,,,
2014.03.16,76,zarison,zaria,780,,,
2014.03.16,76,lucy,zaria,360,,,
2014.03.16,76,mina,zaria,420,,,
2014.03.16,76,veronica,zaria,180,,,
2014.03.16,76,zarison,zaria,780,,,
2014.03.16,76,lucy,zaria,360,,,
2014.03.16,76,mina,zaria,420,,,
2014.03.16,76,veronica,zaria,180,,,
2014.03.16,76,zarison,zaria,780,,,
2014.03.17,77,bella,veronica,960,,,
2014.03.17,77,countess,veronica,420,,,
2014.03.17,77,lucy,veronica,180,,,
2014.03.17,77,mina,veronica,480,,,
2014.03.17,77,bella,veronica,960,,,
2014.03.17,77,countess,veronica,420,,,
2014.03.17,77,lucy,veronica,180,,,
2014.03.17,77,mina,veronica,480,,,
2014.03.17,77,bella,veronica,960,,,
2014.03.17,77,countess,veronica,420,,,
2014.03.17,77,lucy,veronica,180,,,
2014.03.17,77,mina,veronica,480,,,
2014.03.17,77,bella,veronica,960,,,
2014.03.17,77,countess,veronica,420,,,
2014.03.17,77,lucy,veronica,180,,,
2014.03.17,77,mina,veronica,480,,,
2014.03.18,78,cerce,marce,600,,,
2014.03.19,79,bella,vampirella,360,,,
2014.03.19,79,lucy,vampirella,60,,,
2014.03.19,79,lucyson,vampirella,540,,,
2014.03.19,79,mya,vampirella,60,,,
2014.03.19,79,whimsey,vampirella,180,,,
2014.03.19,79,bella,vampirella,360,,,
2014.03.19,79,lucy,vampirella,60,,,
2014.03.19,79,lucyson,vampirella,540,,,
2014.03.19,79,mya,vampirella,60,,,
2014.03.19,79,whimsey,vampirella,180,,,
2014.03.19,79,bella,vampirella,360,,,
2014.03.19,79,lucy,vampirella,60,,,
2014.03.19,79,lucyson,vampirella,540,,,
2014.03.19,79,mya,vampirella,60,,,
2014.03.19,79,whimsey,vampirella,180,,,
2014.03.19,79,bella,vampirella,360,,,
2014.03.19,79,lucy,vampirella,60,,,
2014.03.19,79,lucyson,vampirella,540,,,
2014.03.19,79,mya,vampirella,60,,,
2014.03.19,79,whimsey,vampirella,180,,,
2014.03.19,79,bella,vampirella,360,,,
2014.03.19,79,lucy,vampirella,60,,,
2014.03.19,79,lucyson,vampirella,540,,,
2014.03.19,79,mya,vampirella,60,,,
2014.03.19,79,whimsey,vampirella,180,,,
2014.03.20,80,snow,countess,1080,,,
2014.03.20,80,veronica,countess,660,,,
2014.03.20,80,snow,countess,1080,,,
2014.03.20,80,veronica,countess,660,,,
2014.03.21,81,bella,lily,1920,,,
2014.03.21,81,veronica,lily,300,,,
2014.03.21,81,bella,lily,1920,,,
2014.03.21,81,veronica,lily,300,,,
2014.03.22,82,countess,snow,420,,,
2014.03.22,82,mina,snow,300,,,
2014.03.22,82,tequila,snow,120,,,
2014.03.22,82,thecount,snow,180,,,
2014.03.22,82,veronica,snow,180,,,
2014.03.22,82,countess,snow,420,,,
2014.03.22,82,mina,snow,300,,,
2014.03.22,82,tequila,snow,120,,,
2014.03.22,82,thecount,snow,180,,,
2014.03.22,82,veronica,snow,180,,,
2014.03.22,82,countess,snow,420,,,
2014.03.22,82,mina,snow,300,,,
2014.03.22,82,tequila,snow,120,,,
2014.03.22,82,thecount,snow,180,,,
2014.03.22,82,veronica,snow,180,,,
2014.03.22,82,countess,snow,420,,,
2014.03.22,82,mina,snow,300,,,
2014.03.22,82,tequila,snow,120,,,
2014.03.22,82,thecount,snow,180,,,
2014.03.22,82,veronica,snow,180,,,
2014.03.22,82,countess,snow,420,,,
2014.03.22,82,mina,snow,300,,,
2014.03.22,82,tequila,snow,120,,,
2014.03.22,82,thecount,snow,180,,,
2014.03.22,82,veronica,snow,180,,,
2014.03.23,83,cerceson,cerce,180,,,
2014.03.23,83,marce,cerce,360,,,
2014.03.23,83,snow,cerce,60,,,
2014.03.23,83,veronica,cerce,60,,,
2014.03.23,83,cerceson,cerce,180,,,
2014.03.23,83,marce,cerce,360,,,
2014.03.23,83,snow,cerce,60,,,
2014.03.23,83,veronica,cerce,60,,,
2014.03.23,83,cerceson,cerce,180,,,
2014.03.23,83,marce,cerce,360,,,
2014.03.23,83,snow,cerce,60,,,
2014.03.23,83,veronica,cerce,60,,,
2014.03.23,83,cerceson,cerce,180,,,
2014.03.23,83,marce,cerce,360,,,
2014.03.23,83,snow,cerce,60,,,
2014.03.23,83,veronica,cerce,60,,,
2014.03.24,84,gremlin,bella,300,,,
2014.03.24,84,lily,bella,1020,,,
2014.03.24,84,mya,bella,60,,,
2014.03.24,84,veronica,bella,60,,,
2014.03.24,84,gremlin,bella,300,,,
2014.03.24,84,lily,bella,1020,,,
2014.03.24,84,mya,bella,60,,,
2014.03.24,84,veronica,bella,60,,,
2014.03.24,84,gremlin,bella,300,,,
2014.03.24,84,lily,bella,1020,,,
2014.03.24,84,mya,bella,60,,,
2014.03.24,84,veronica,bella,60,,,
2014.03.24,84,gremlin,bella,300,,,
2014.03.24,84,lily,bella,1020,,,
2014.03.24,84,mya,bella,60,,,
2014.03.24,84,veronica,bella,60,,,
2014.04.02,85,three,four,300,,,
2014.04.02,85,cerce,four,480,,,
2014.04.02,85,countess,four,120,,,
2014.04.02,85,marce,four,120,,,
2014.04.02,85,veronica,four,120,,,
2014.04.02,85,three,four,300,,,
2014.04.02,85,cerce,four,480,,,
2014.04.02,85,countess,four,120,,,
2014.04.02,85,marce,four,120,,,
2014.04.02,85,veronica,four,120,,,
2014.04.02,85,three,four,300,,,
2014.04.02,85,cerce,four,480,,,
2014.04.02,85,countess,four,120,,,
2014.04.02,85,marce,four,120,,,
2014.04.02,85,veronica,four,120,,,
2014.04.02,85,three,four,300,,,
2014.04.02,85,cerce,four,480,,,
2014.04.02,85,countess,four,120,,,
2014.04.02,85,marce,four,120,,,
2014.04.02,85,veronica,four,120,,,
2014.04.02,85,three,four,300,,,
2014.04.02,85,cerce,four,480,,,
2014.04.02,85,countess,four,120,,,
2014.04.02,85,marce,four,120,,,
2014.04.02,85,veronica,four,120,,,
2014.04.03,86,four,three,180,,,
2014.04.03,86,cerce,three,120,,,
2014.04.03,86,countess,three,60,,,
2014.04.03,86,veronica,three,240,,,
2014.04.03,86,four,three,180,,,
2014.04.03,86,cerce,three,120,,,
2014.04.03,86,countess,three,60,,,
2014.04.03,86,veronica,three,240,,,
2014.04.03,86,four,three,180,,,
2014.04.03,86,cerce,three,120,,,
2014.04.03,86,countess,three,60,,,
2014.04.03,86,veronica,three,240,,,
2014.04.03,86,four,three,180,,,
2014.04.03,86,cerce,three,120,,,
2014.04.03,86,countess,three,60,,,
2014.04.03,86,veronica,three,240,,,
2014.04.05,88,lily,bella,1080,,,
2014.04.05,88,pixus,bella,180,,,
2014.04.05,88,veronica,bella,180,,,
2014.04.05,88,lily,bella,1080,,,
2014.04.05,88,pixus,bella,180,,,
2014.04.05,88,veronica,bella,180,,,
2014.04.05,88,lily,bella,1080,,,
2014.04.05,88,pixus,bella,180,,,
2014.04.05,88,veronica,bella,180,,,
2014.04.06,89,flapper,snow,840,,,
2014.04.06,89,marce,snow,60,,,
2014.04.06,89,mya,snow,180,,,
2014.04.06,89,veronica,snow,120,,,
2014.04.06,89,flapper,snow,840,,,
2014.04.06,89,marce,snow,60,,,
2014.04.06,89,mya,snow,180,,,
2014.04.06,89,veronica,snow,120,,,
2014.04.06,89,flapper,snow,840,,,
2014.04.06,89,marce,snow,60,,,
2014.04.06,89,mya,snow,180,,,
2014.04.06,89,veronica,snow,120,,,
2014.04.06,89,flapper,snow,840,,,
2014.04.06,89,marce,snow,60,,,
2014.04.06,89,mya,snow,180,,,
2014.04.06,89,veronica,snow,120,,,
2014.04.07,90,countess,marce,120,,,
2014.04.07,90,lily,marce,60,,,
2014.04.07,90,mya,marce,420,,,
2014.04.07,90,veronica,marce,180,,,
2014.04.07,90,countess,marce,120,,,
2014.04.07,90,lily,marce,60,,,
2014.04.07,90,mya,marce,420,,,
2014.04.07,90,veronica,marce,180,,,
2014.04.07,90,countess,marce,120,,,
2014.04.07,90,lily,marce,60,,,
2014.04.07,90,mya,marce,420,,,
2014.04.07,90,veronica,marce,180,,,
2014.04.07,90,countess,marce,120,,,
2014.04.07,90,lily,marce,60,,,
2014.04.07,90,mya,marce,420,,,
2014.04.07,90,veronica,marce,180,,,
2014.04.08,91,flapper,zaria,120,,,
2014.04.08,91,snow,zaria,180,,,
2014.04.08,91,veronica,zaria,60,,,
2014.04.08,91,zarison,zaria,1020,,,
2014.04.08,91,flapper,zaria,120,,,
2014.04.08,91,snow,zaria,180,,,
2014.04.08,91,veronica,zaria,60,,,
2014.04.08,91,zarison,zaria,1020,,,
2014.04.08,91,flapper,zaria,120,,,
2014.04.08,91,snow,zaria,180,,,
2014.04.08,91,veronica,zaria,60,,,
2014.04.08,91,zarison,zaria,1020,,,
2014.04.08,91,flapper,zaria,120,,,
2014.04.08,91,snow,zaria,180,,,
2014.04.08,91,veronica,zaria,60,,,
2014.04.08,91,zarison,zaria,1020,,,
2014.05.09,92,bella,two,129,,,
2014.05.09,92,cerce,two,7,,,
2014.05.09,92,bella,two,129,,,
2014.05.09,92,cerce,two,7,,,
2014.05.09,93,mina,lucy,81,,,
2014.05.09,93,mya,lucy,102,,,
2014.05.09,93,snow,lucy,134,,,
2014.05.09,93,veronica,lucy,240,,,
2014.05.09,93,zaria,lucy,570,,,
2014.05.09,93,mina,lucy,81,,,
2014.05.09,93,mya,lucy,102,,,
2014.05.09,93,snow,lucy,134,,,
2014.05.09,93,veronica,lucy,240,,,
2014.05.09,93,zaria,lucy,570,,,
2014.05.09,93,mina,lucy,81,,,
2014.05.09,93,mya,lucy,102,,,
2014.05.09,93,snow,lucy,134,,,
2014.05.09,93,veronica,lucy,240,,,
2014.05.09,93,zaria,lucy,570,,,
2014.05.09,93,mina,lucy,81,,,
2014.05.09,93,mya,lucy,102,,,
2014.05.09,93,snow,lucy,134,,,
2014.05.09,93,veronica,lucy,240,,,
2014.05.09,93,zaria,lucy,570,,,
2014.05.09,93,mina,lucy,81,,,
2014.05.09,93,mya,lucy,102,,,
2014.05.09,93,snow,lucy,134,,,
2014.05.09,93,veronica,lucy,240,,,
2014.05.09,93,zaria,lucy,570,,,
2014.05.10,94,bella,lily,303,,,
2014.05.10,94,lilyson,lily,132,,,
2014.05.10,94,thecount,lily,358,,,
2014.05.10,94,bella,lily,303,,,
2014.05.10,94,lilyson,lily,132,,,
2014.05.10,94,thecount,lily,358,,,
2014.05.10,94,bella,lily,303,,,
2014.05.10,94,lilyson,lily,132,,,
2014.05.10,94,thecount,lily,358,,,
2014.05.10,95,mina,vampirella,57,,,
2014.05.10,95,snow,vampirella,855,,,
2014.05.10,95,thecount,vampirella,342,,,
2014.05.10,95,veronica,vampirella,28,,,
2014.05.10,95,mina,vampirella,57,,,
2014.05.10,95,snow,vampirella,855,,,
2014.05.10,95,thecount,vampirella,342,,,
2014.05.10,95,veronica,vampirella,28,,,
2014.05.10,95,mina,vampirella,57,,,
2014.05.10,95,snow,vampirella,855,,,
2014.05.10,95,thecount,vampirella,342,,,
2014.05.10,95,veronica,vampirella,28,,,
2014.05.10,95,mina,vampirella,57,,,
2014.05.10,95,snow,vampirella,855,,,
2014.05.10,95,thecount,vampirella,342,,,
2014.05.10,95,veronica,vampirella,28,,,
2014.05.11,96,countess,zaria,116,,,
2014.05.11,96,fuschia,zaria,77,,,
2014.05.11,96,lucy,zaria,115,,,
2014.05.11,96,mina,zaria,43,,,
2014.05.11,96,zarison,zaria,230,,,
2014.05.11,96,countess,zaria,116,,,
2014.05.11,96,fuschia,zaria,77,,,
2014.05.11,96,lucy,zaria,115,,,
2014.05.11,96,mina,zaria,43,,,
2014.05.11,96,zarison,zaria,230,,,
2014.05.11,96,countess,zaria,116,,,
2014.05.11,96,fuschia,zaria,77,,,
2014.05.11,96,lucy,zaria,115,,,
2014.05.11,96,mina,zaria,43,,,
2014.05.11,96,zarison,zaria,230,,,
2014.05.11,96,countess,zaria,116,,,
2014.05.11,96,fuschia,zaria,77,,,
2014.05.11,96,lucy,zaria,115,,,
2014.05.11,96,mina,zaria,43,,,
2014.05.11,96,zarison,zaria,230,,,
2014.05.11,96,countess,zaria,116,,,
2014.05.11,96,fuschia,zaria,77,,,
2014.05.11,96,lucy,zaria,115,,,
2014.05.11,96,mina,zaria,43,,,
2014.05.11,96,zarison,zaria,230,,,
2014.05.11,97,countess,veronica,149,,,
2014.05.11,97,mina,veronica,316,,,
2014.05.11,97,mya,veronica,198,,,
2014.05.11,97,snow,veronica,478,,,
2014.05.11,97,countess,veronica,149,,,
2014.05.11,97,mina,veronica,316,,,
2014.05.11,97,mya,veronica,198,,,
2014.05.11,97,snow,veronica,478,,,
2014.05.11,97,countess,veronica,149,,,
2014.05.11,97,mina,veronica,316,,,
2014.05.11,97,mya,veronica,198,,,
2014.05.11,97,snow,veronica,478,,,
2014.05.11,97,countess,veronica,149,,,
2014.05.11,97,mina,veronica,316,,,
2014.05.11,97,mya,veronica,198,,,
2014.05.11,97,snow,veronica,478,,,
2014.05.12,98,cerce,four,135,,,
2014.05.12,99,cerce,mina,90,,,
2014.05.12,99,veronica,mina,21,,,
2014.05.12,99,cerce,mina,90,,,
2014.05.12,99,veronica,mina,21,,,
2014.05.12,100,speedster,snow,38,,,
2014.05.12,100,veronica,snow,14,,,
2014.05.12,100,speedster,snow,38,,,
2014.05.12,100,veronica,snow,14,,,
2014.05.13,101,cerce,three,322,,,
2014.05.13,102,lily,bella,167,,,
2014.05.13,102,snow,bella,48,,,
2014.05.13,102,thecount,bella,165,,,
2014.05.13,102,lily,bella,167,,,
2014.05.13,102,snow,bella,48,,,
2014.05.13,102,thecount,bella,165,,,
2014.05.13,102,lily,bella,167,,,
2014.05.13,102,snow,bella,48,,,
2014.05.13,102,thecount,bella,165,,,
2014.05.14,103,mina,mya,48,,,
2014.05.14,103,streblick,mya,120,,,
2014.05.14,103,veronica,mya,115,,,
2014.05.14,103,mina,mya,48,,,
2014.05.14,103,streblick,mya,120,,,
2014.05.14,103,veronica,mya,115,,,
2014.05.14,103,mina,mya,48,,,
2014.05.14,103,streblick,mya,120,,,
2014.05.14,103,veronica,mya,115,,,
2014.05.14,104,marce,cerce,244,,,
2014.05.14,104,snow,cerce,16,,,
2014.05.14,104,marce,cerce,244,,,
2014.05.14,104,snow,cerce,16,,,
2014.05.15,105,snow,countess,678,,,
2014.05.15,105,veronica,countess,223,,,
2014.05.15,105,snow,countess,678,,,
2014.05.15,105,veronica,countess,223,,,
2014.05.15,106,cerce,marce,274,,,
2014.05.15,106,mya,marce,76,,,
2014.05.15,106,sheldon,marce,48,,,
2014.05.15,106,veronica,marce,47,,,
2014.05.15,106,cerce,marce,274,,,
2014.05.15,106,mya,marce,76,,,
2014.05.15,106,sheldon,marce,48,,,
2014.05.15,106,veronica,marce,47,,,
2014.05.15,106,cerce,marce,274,,,
2014.05.15,106,mya,marce,76,,,
2014.05.15,106,sheldon,marce,48,,,
2014.05.15,106,veronica,marce,47,,,
2014.05.15,106,cerce,marce,274,,,
2014.05.15,106,mya,marce,76,,,
2014.05.15,106,sheldon,marce,48,,,
2014.05.15,106,veronica,marce,47,,,
2014.05.16,107,countess,two,57,,,
2014.05.16,108,mya,lucy,93,,,
2014.05.16,108,veronica,lucy,88,,,
2014.05.16,108,zaria,lucy,217,,,
2014.05.16,108,mya,lucy,93,,,
2014.05.16,108,veronica,lucy,88,,,
2014.05.16,108,zaria,lucy,217,,,
2014.05.16,108,mya,lucy,93,,,
2014.05.16,108,veronica,lucy,88,,,
2014.05.16,108,zaria,lucy,217,,,
2014.05.25,110,bella,lucy,5,,,
2014.05.25,110,houdini,lucy,70,,,
2014.05.25,110,mina,lucy,22,,,
2014.05.25,110,mya,lucy,297,,,
2014.05.25,110,thecount,lucy,189,,,
2014.05.25,110,zaria,lucy,23,,,
2014.05.25,110,bella,lucy,5,,,
2014.05.25,110,houdini,lucy,70,,,
2014.05.25,110,mina,lucy,22,,,
2014.05.25,110,mya,lucy,297,,,
2014.05.25,110,thecount,lucy,189,,,
2014.05.25,110,zaria,lucy,23,,,
2014.05.25,110,bella,lucy,5,,,
2014.05.25,110,houdini,lucy,70,,,
2014.05.25,110,mina,lucy,22,,,
2014.05.25,110,mya,lucy,297,,,
2014.05.25,110,thecount,lucy,189,,,
2014.05.25,110,zaria,lucy,23,,,
2014.05.25,110,bella,lucy,5,,,
2014.05.25,110,houdini,lucy,70,,,
2014.05.25,110,mina,lucy,22,,,
2014.05.25,110,mya,lucy,297,,,
2014.05.25,110,thecount,lucy,189,,,
2014.05.25,110,zaria,lucy,23,,,
2014.05.25,110,bella,lucy,5,,,
2014.05.25,110,houdini,lucy,70,,,
2014.05.25,110,mina,lucy,22,,,
2014.05.25,110,mya,lucy,297,,,
2014.05.25,110,thecount,lucy,189,,,
2014.05.25,110,zaria,lucy,23,,,
2014.05.25,110,bella,lucy,5,,,
2014.05.25,110,houdini,lucy,70,,,
2014.05.25,110,mina,lucy,22,,,
2014.05.25,110,mya,lucy,297,,,
2014.05.25,110,thecount,lucy,189,,,
2014.05.25,110,zaria,lucy,23,,,
2014.05.27,111,lucy,vampirella,7,,,
2014.05.27,111,mya,vampirella,24,,,
2014.05.27,111,thecount,vampirella,519,,,
2014.05.27,111,lucy,vampirella,7,,,
2014.05.27,111,mya,vampirella,24,,,
2014.05.27,111,thecount,vampirella,519,,,
2014.05.27,111,lucy,vampirella,7,,,
2014.05.27,111,mya,vampirella,24,,,
2014.05.27,111,thecount,vampirella,519,,,
2014.05.27,112,bella,lily,334,,,
2014.05.27,112,countess,lily,89,,,
2014.05.27,112,thecount,lily,41,,,
2014.05.27,112,bella,lily,334,,,
2014.05.27,112,countess,lily,89,,,
2014.05.27,112,thecount,lily,41,,,
2014.05.27,112,bella,lily,334,,,
2014.05.27,112,countess,lily,89,,,
2014.05.27,112,thecount,lily,41,,,
2014.05.28,113,marce,veronica,30,,,
2014.05.28,113,mya,veronica,364,,,
2014.05.28,113,thecount,veronica,281,,,
2014.05.28,113,marce,veronica,30,,,
2014.05.28,113,mya,veronica,364,,,
2014.05.28,113,thecount,veronica,281,,,
2014.05.28,113,marce,veronica,30,,,
2014.05.28,113,mya,veronica,364,,,
2014.05.28,113,thecount,veronica,281,,,
2014.05.28,114,lucy,zaria,254,,,
2014.05.28,114,mina,zaria,96,,,
2014.05.28,114,zarison,zaria,278,,,
2014.05.28,114,lucy,zaria,254,,,
2014.05.28,114,mina,zaria,96,,,
2014.05.28,114,zarison,zaria,278,,,
2014.05.28,114,lucy,zaria,254,,,
2014.05.28,114,mina,zaria,96,,,
2014.05.28,114,zarison,zaria,278,,,
2014.05.29,115,cerce,four,157,,,
2014.05.29,115,countess,four,12,,,
2014.05.29,115,cerce,four,157,,,
2014.05.29,115,countess,four,12,,,
2014.05.29,116,countess,mina,69,,,
2014.05.29,116,houdini,mina,365,,,
2014.05.29,116,lucy,mina,18,,,
2014.05.29,116,mya,mina,309,,,
2014.05.29,116,countess,mina,69,,,
2014.05.29,116,houdini,mina,365,,,
2014.05.29,116,lucy,mina,18,,,
2014.05.29,116,mya,mina,309,,,
2014.05.29,116,countess,mina,69,,,
2014.05.29,116,houdini,mina,365,,,
2014.05.29,116,lucy,mina,18,,,
2014.05.29,116,mya,mina,309,,,
2014.05.29,116,countess,mina,69,,,
2014.05.29,116,houdini,mina,365,,,
2014.05.29,116,lucy,mina,18,,,
2014.05.29,116,mya,mina,309,,,
2014.05.29,117,countess,snow,112,,,
2014.05.29,117,veronica,snow,98,,,
2014.05.29,117,countess,snow,112,,,
2014.05.29,117,veronica,snow,98,,,
2014.05.30,118,cerce,three,225,,,
2014.05.30,118,mina,three,489,,,
2014.05.30,118,cerce,three,225,,,
2014.05.30,118,mina,three,489,,,
2014.05.30,119,lily,bella,344,,,
2014.05.30,119,mya,bella,143,,,
2014.05.30,119,lily,bella,344,,,
2014.05.30,119,mya,bella,143,,,
2014.05.31,120,bella,mya,17,,,
2014.05.31,120,mina,mya,265,,,
2014.05.31,120,streblick,mya,175,,,
2014.05.31,120,bella,mya,17,,,
2014.05.31,120,mina,mya,265,,,
2014.05.31,120,streblick,mya,175,,,
2014.05.31,120,bella,mya,17,,,
2014.05.31,120,mina,mya,265,,,
2014.05.31,120,streblick,mya,175,,,
2014.05.31,121,marce,cerce,180,,,
2014.05.31,121,thecount,cerce,31,,,
2014.05.31,121,marce,cerce,180,,,
2014.05.31,121,thecount,cerce,31,,,
2014.06.01,122,lucy,countess,7,,,
2014.06.01,122,snow,countess,384,,,
2014.06.01,122,veronica,countess,117,,,
2014.06.01,122,zaria,countess,69,,,
2014.06.01,122,lucy,countess,7,,,
2014.06.01,122,snow,countess,384,,,
2014.06.01,122,veronica,countess,117,,,
2014.06.01,122,zaria,countess,69,,,
2014.06.01,122,lucy,countess,7,,,
2014.06.01,122,snow,countess,384,,,
2014.06.01,122,veronica,countess,117,,,
2014.06.01,122,zaria,countess,69,,,
2014.06.01,122,lucy,countess,7,,,
2014.06.01,122,snow,countess,384,,,
2014.06.01,122,veronica,countess,117,,,
2014.06.01,122,zaria,countess,69,,,
2014.06.01,123,cerce,marce,97,,,
2014.06.01,123,snow,marce,15,,,
2014.06.01,123,vampirella,marce,24,,,
2014.06.01,123,cerce,marce,97,,,
2014.06.01,123,snow,marce,15,,,
2014.06.01,123,vampirella,marce,24,,,
2014.06.01,123,cerce,marce,97,,,
2014.06.01,123,snow,marce,15,,,
2014.06.01,123,vampirella,marce,24,,,
2014.06.05,124,countess,lucy,8,,,
2014.06.05,124,marce,lucy,23,,,
2014.06.05,124,mina,lucy,112,,,
2014.06.05,124,mya,lucy,115,,,
2014.06.05,124,vampirella,lucy,71,,,
2014.06.05,124,countess,lucy,8,,,
2014.06.05,124,marce,lucy,23,,,
2014.06.05,124,mina,lucy,112,,,
2014.06.05,124,mya,lucy,115,,,
2014.06.05,124,vampirella,lucy,71,,,
2014.06.05,124,countess,lucy,8,,,
2014.06.05,124,marce,lucy,23,,,
2014.06.05,124,mina,lucy,112,,,
2014.06.05,124,mya,lucy,115,,,
2014.06.05,124,vampirella,lucy,71,,,
2014.06.05,124,countess,lucy,8,,,
2014.06.05,124,marce,lucy,23,,,
2014.06.05,124,mina,lucy,112,,,
2014.06.05,124,mya,lucy,115,,,
2014.06.05,124,vampirella,lucy,71,,,
2014.06.05,124,countess,lucy,8,,,
2014.06.05,124,marce,lucy,23,,,
2014.06.05,124,mina,lucy,112,,,
2014.06.05,124,mya,lucy,115,,,
2014.06.05,124,vampirella,lucy,71,,,
2014.06.05,125,mya,zaria,50,,,
2014.06.05,125,vampirella,zaria,552,,,
2014.06.05,125,veronica,zaria,13,,,
2014.06.05,125,mya,zaria,50,,,
2014.06.05,125,vampirella,zaria,552,,,
2014.06.05,125,veronica,zaria,13,,,
2014.06.05,125,mya,zaria,50,,,
2014.06.05,125,vampirella,zaria,552,,,
2014.06.05,125,veronica,zaria,13,,,
2014.06.06,126,thecount,vampirella,629,,,
2014.06.06,127,houdini,mina,197,,,
2014.06.06,127,mya,mina,264,,,
2014.06.06,127,snow,mina,140,,,
2014.06.06,127,veronica,mina,114,,,
2014.06.06,127,houdini,mina,197,,,
2014.06.06,127,mya,mina,264,,,
2014.06.06,127,snow,mina,140,,,
2014.06.06,127,veronica,mina,114,,,
2014.06.06,127,houdini,mina,197,,,
2014.06.06,127,mya,mina,264,,,
2014.06.06,127,snow,mina,140,,,
2014.06.06,127,veronica,mina,114,,,
2014.06.06,127,houdini,mina,197,,,
2014.06.06,127,mya,mina,264,,,
2014.06.06,127,snow,mina,140,,,
2014.06.06,127,veronica,mina,114,,,
2014.06.07,128,snow,lily,5,,,
2014.06.07,129,cerce,bella,22,,,
2014.06.08,130,cerce,three,239,,,
2014.06.08,130,marce,three,6,,,
2014.06.08,130,cerce,three,239,,,
2014.06.08,130,marce,three,6,,,
2014.06.08,131,cerce,four,71,,,
2014.06.08,131,countess,four,27,,,
2014.06.08,131,mina,four,101,,,
2014.06.08,131,cerce,four,71,,,
2014.06.08,131,countess,four,27,,,
2014.06.08,131,mina,four,101,,,
2014.06.08,131,cerce,four,71,,,
2014.06.08,131,countess,four,27,,,
2014.06.08,131,mina,four,101,,,
2014.06.09,132,snow,veronica,137,,,
2014.06.09,132,thecount,veronica,213,,,
2014.06.09,132,snow,veronica,137,,,
2014.06.09,132,thecount,veronica,213,,,
2014.06.09,133,lucy,mya,60,,,
2014.06.09,133,mina,mya,99,,,
2014.06.09,133,streblick,mya,112,,,
2014.06.09,133,lucy,mya,60,,,
2014.06.09,133,mina,mya,99,,,
2014.06.09,133,streblick,mya,112,,,
2014.06.09,133,lucy,mya,60,,,
2014.06.09,133,mina,mya,99,,,
2014.06.09,133,streblick,mya,112,,,
2014.06.10,134,marce,countess,82,,,
2014.06.10,134,mina,countess,103,,,
2014.06.10,134,veronica,countess,189,,,
2014.06.10,134,zaria,countess,25,,,
2014.06.10,134,marce,countess,82,,,
2014.06.10,134,mina,countess,103,,,
2014.06.10,134,veronica,countess,189,,,
2014.06.10,134,zaria,countess,25,,,
2014.06.10,134,marce,countess,82,,,
2014.06.10,134,mina,countess,103,,,
2014.06.10,134,veronica,countess,189,,,
2014.06.10,134,zaria,countess,25,,,
2014.06.10,134,marce,countess,82,,,
2014.06.10,134,mina,countess,103,,,
2014.06.10,134,veronica,countess,189,,,
2014.06.10,134,zaria,countess,25,,,
2014.06.10,135,mina,snow,13,,,
2014.06.11,136,three,cerce,97,,,
2014.06.11,136,bella,cerce,39,,,
2014.06.11,136,three,cerce,97,,,
2014.06.11,136,bella,cerce,39,,,
2014.06.11,137,bella,marce,11,,,
2014.06.11,137,countess,marce,133,,,
2014.06.11,137,houdini,marce,30,,,
2014.06.11,137,bella,marce,11,,,
2014.06.11,137,countess,marce,133,,,
2014.06.11,137,houdini,marce,30,,,
2014.06.11,137,bella,marce,11,,,
2014.06.11,137,countess,marce,133,,,
2014.06.11,137,houdini,marce,30,,,
2014.06.12,138,veronica,zaria,66,,,
2014.06.12,139,mina,lucy,125,,,
2014.06.12,139,mya,lucy,135,,,
2014.06.12,139,snow,lucy,53,,,
2014.06.12,139,mina,lucy,125,,,
2014.06.12,139,mya,lucy,135,,,
2014.06.12,139,snow,lucy,53,,,
2014.06.12,139,mina,lucy,125,,,
2014.06.12,139,mya,lucy,135,,,
2014.06.12,139,snow,lucy,53,,,
2014.06.13,140,mya,mina,647,,,
2014.06.13,140,thecount,mina,189,,,
2014.06.13,140,veronica,mina,27,,,
2014.06.13,140,mya,mina,647,,,
2014.06.13,140,thecount,mina,189,,,
2014.06.13,140,veronica,mina,27,,,
2014.06.13,140,mya,mina,647,,,
2014.06.13,140,thecount,mina,189,,,
2014.06.13,140,veronica,mina,27,,,
2014.06.13,141,mya,vampirella,49,,,
2014.06.13,141,thecount,vampirella,610,,,
2014.06.13,141,mya,vampirella,49,,,
2014.06.13,141,thecount,vampirella,610,,,
2014.06.14,142,houdini,lily,30,,,
2014.06.14,143,mya,bella,212,,,
2014.07.05,144,bella,lucy,191,,,
2014.07.05,144,mya,lucy,36,,,
2014.07.05,144,snow,lucy,70,,,
2014.07.05,144,veronica,lucy,57,,,
2014.07.05,144,bella,lucy,191,,,
2014.07.05,144,mya,lucy,36,,,
2014.07.05,144,snow,lucy,70,,,
2014.07.05,144,veronica,lucy,57,,,
2014.07.05,144,bella,lucy,191,,,
2014.07.05,144,mya,lucy,36,,,
2014.07.05,144,snow,lucy,70,,,
2014.07.05,144,veronica,lucy,57,,,
2014.07.05,144,bella,lucy,191,,,
2014.07.05,144,mya,lucy,36,,,
2014.07.05,144,snow,lucy,70,,,
2014.07.05,144,veronica,lucy,57,,,
2014.07.05,145,vampirella,zaria,161,,,
2014.07.07,146,mina,bella,190,,,
2014.07.07,147,houdini,lily,121,,,
2014.07.08,148,cerce,three,42,,,
2014.07.08,148,mina,three,56,,,
2014.07.08,148,cerce,three,42,,,
2014.07.08,148,mina,three,56,,,
2014.07.09,150,mina,mya,167,,,
2014.07.09,150,snow,mya,31,,,
2014.07.09,150,mina,mya,167,,,
2014.07.09,150,snow,mya,31,,,
2014.07.09,151,three,veronica,5,,,
2014.07.09,151,mina,veronica,123,,,
2014.07.09,151,snow,veronica,658,,,
2014.07.09,151,three,veronica,5,,,
2014.07.09,151,mina,veronica,123,,,
2014.07.09,151,snow,veronica,658,,,
2014.07.09,151,three,veronica,5,,,
2014.07.09,151,mina,veronica,123,,,
2014.07.09,151,snow,veronica,658,,,
2014.07.10,152,marce,countess,5,,,
2014.07.10,152,veronica,countess,29,,,
2014.07.10,152,marce,countess,5,,,
2014.07.10,152,veronica,countess,29,,,
2014.07.10,153,cerce,snow,7,,,
2014.07.10,153,vampirella,snow,26,,,
2014.07.10,153,cerce,snow,7,,,
2014.07.10,153,vampirella,snow,26,,,
2014.07.11,154,three,cerce,15,,,
2014.07.11,155,mina,marce,142,,,
2014.07.12,156,countess,lucy,9,,,
2014.07.12,156,mya,lucy,128,,,
2014.07.12,156,snow,lucy,229,,,
2014.07.12,156,vampirella,lucy,52,,,
2014.07.12,156,countess,lucy,9,,,
2014.07.12,156,mya,lucy,128,,,
2014.07.12,156,snow,lucy,229,,,
2014.07.12,156,vampirella,lucy,52,,,
2014.07.12,156,countess,lucy,9,,,
2014.07.12,156,mya,lucy,128,,,
2014.07.12,156,snow,lucy,229,,,
2014.07.12,156,vampirella,lucy,52,,,
2014.07.12,156,countess,lucy,9,,,
2014.07.12,156,mya,lucy,128,,,
2014.07.12,156,snow,lucy,229,,,
2014.07.12,156,vampirella,lucy,52,,,
2014.07.12,157,mina,zaria,126,,,
2014.07.12,157,snow,zaria,315,,,
2014.07.12,157,zarison,zaria,61,,,
2014.07.12,157,mina,zaria,126,,,
2014.07.12,157,snow,zaria,315,,,
2014.07.12,157,zarison,zaria,61,,,
2014.07.12,157,mina,zaria,126,,,
2014.07.12,157,snow,zaria,315,,,
2014.07.12,157,zarison,zaria,61,,,
2014.07.14,158,three,bella,64,,,
2014.07.14,158,mina,bella,7,,,
2014.07.14,158,mya,bella,320,,,
2014.07.14,158,thecount,bella,270,,,
2014.07.14,158,three,bella,64,,,
2014.07.14,158,mina,bella,7,,,
2014.07.14,158,mya,bella,320,,,
2014.07.14,158,thecount,bella,270,,,
2014.07.14,158,three,bella,64,,,
2014.07.14,158,mina,bella,7,,,
2014.07.14,158,mya,bella,320,,,
2014.07.14,158,thecount,bella,270,,,
2014.07.14,158,three,bella,64,,,
2014.07.14,158,mina,bella,7,,,
2014.07.14,158,mya,bella,320,,,
2014.07.14,158,thecount,bella,270,,,
2014.07.15,160,cerce,three,199,,,
2014.07.15,160,mina,three,33,,,
2014.07.15,160,cerce,three,199,,,
2014.07.15,160,mina,three,33,,,
2014.07.15,161,cerce,four,64,,,
2014.07.15,161,mina,four,46,,,
2014.07.15,161,cerce,four,64,,,
2014.07.15,161,mina,four,46,,,
2014.07.16,162,lucy,mya,12,,,
2014.07.16,162,mina,mya,118,,,
2014.07.16,162,streblick,mya,30,,,
2014.07.16,162,lucy,mya,12,,,
2014.07.16,162,mina,mya,118,,,
2014.07.16,162,streblick,mya,30,,,
2014.07.16,162,lucy,mya,12,,,
2014.07.16,162,mina,mya,118,,,
2014.07.16,162,streblick,mya,30,,,
2014.07.16,163,bella,veronica,87,,,
2014.07.16,163,mina,veronica,38,,,
2014.07.16,163,snow,veronica,413,,,
2014.07.16,163,bella,veronica,87,,,
2014.07.16,163,mina,veronica,38,,,
2014.07.16,163,snow,veronica,413,,,
2014.07.16,163,bella,veronica,87,,,
2014.07.16,163,mina,veronica,38,,,
2014.07.16,163,snow,veronica,413,,,
2014.07.17,164,lily,countess,136,,,
2014.07.17,164,lucy,countess,39,,,
2014.07.17,164,marce,countess,16,,,
2014.07.17,164,mya,countess,209,,,
2014.07.17,164,lily,countess,136,,,
2014.07.17,164,lucy,countess,39,,,
2014.07.17,164,marce,countess,16,,,
2014.07.17,164,mya,countess,209,,,
2014.07.17,164,lily,countess,136,,,
2014.07.17,164,lucy,countess,39,,,
2014.07.17,164,marce,countess,16,,,
2014.07.17,164,mya,countess,209,,,
2014.07.17,164,lily,countess,136,,,
2014.07.17,164,lucy,countess,39,,,
2014.07.17,164,marce,countess,16,,,
2014.07.17,164,mya,countess,209,,,
2014.07.17,165,cerce,snow,31,,,
2014.07.17,165,vampirella,snow,329,,,
2014.07.17,165,cerce,snow,31,,,
2014.07.17,165,vampirella,snow,329,,,
2014.07.18,166,three,cerce,170,,,
2014.07.18,166,mina,cerce,73,,,
2014.07.18,166,three,cerce,170,,,
2014.07.18,166,mina,cerce,73,,,
2014.07.19,168,mya,mina,1069,,,
2014.07.19,168,veronica,mina,38,,,
2014.07.19,168,mya,mina,1069,,,
2014.07.19,168,veronica,mina,38,,,
2014.07.19,169,mya,vampirella,42,,,
2014.07.19,169,thecount,vampirella,46,,,
2014.07.19,169,mya,vampirella,42,,,
2014.07.19,169,thecount,vampirella,46,,,
2014.07.23,170,cerce,four,298,,,
2014.07.23,170,countess,four,117,,,
2014.07.23,170,cerce,four,298,,,
2014.07.23,170,countess,four,117,,,
2014.07.23,171,bella,lily,439,,,
2014.07.24,172,bella,veronica,10,,,
2014.07.24,172,cerce,veronica,128,,,
2014.07.24,172,snow,veronica,454,,,
2014.07.24,172,bella,veronica,10,,,
2014.07.24,172,cerce,veronica,128,,,
2014.07.24,172,snow,veronica,454,,,
2014.07.24,172,bella,veronica,10,,,
2014.07.24,172,cerce,veronica,128,,,
2014.07.24,172,snow,veronica,454,,,
2014.07.24,173,cerce,zaria,5,,,
2014.07.24,173,lucy,zaria,535,,,
2014.07.24,173,cerce,zaria,5,,,
2014.07.24,173,lucy,zaria,535,,,
2014.07.25,174,lucy,mina,109,,,
2014.07.25,174,mya,mina,174,,,
2014.07.25,174,lucy,mina,109,,,
2014.07.25,174,mya,mina,174,,,
2014.07.25,175,countess,snow,435,,,
2014.07.25,175,thecount,snow,656,,,
2014.07.25,175,vampirella,snow,99,,,
2014.07.25,175,countess,snow,435,,,
2014.07.25,175,thecount,snow,656,,,
2014.07.25,175,vampirella,snow,99,,,
2014.07.25,175,countess,snow,435,,,
2014.07.25,175,thecount,snow,656,,,
2014.07.25,175,vampirella,snow,99,,,
2014.07.26,176,lily,bella,199,,,
2014.07.27,178,bella,cerce,11,,,
2014.07.27,178,vampirella,cerce,510,,,
2014.07.27,178,bella,cerce,11,,,
2014.07.27,178,vampirella,cerce,510,,,
2014.07.27,179,lucy,mya,20,,,
2014.07.27,179,mina,mya,105,,,
2014.07.27,179,streblick,mya,107,,,
2014.07.27,179,lucy,mya,20,,,
2014.07.27,179,mina,mya,105,,,
2014.07.27,179,streblick,mya,107,,,
2014.07.27,179,lucy,mya,20,,,
2014.07.27,179,mina,mya,105,,,
2014.07.27,179,streblick,mya,107,,,
2014.07.28,180,mina,countess,42,,,
2014.07.28,180,snow,countess,455,,,
2014.07.28,180,mina,countess,42,,,
2014.07.28,180,snow,countess,455,,,
2014.07.29,182,three,vampirella,93,,,
2014.07.29,182,bella,vampirella,11,,,
2014.07.29,182,mina,vampirella,116,,,
2014.07.29,182,snow,vampirella,67,,,
2014.07.29,182,thecount,vampirella,99,,,
2014.07.29,182,three,vampirella,93,,,
2014.07.29,182,bella,vampirella,11,,,
2014.07.29,182,mina,vampirella,116,,,
2014.07.29,182,snow,vampirella,67,,,
2014.07.29,182,thecount,vampirella,99,,,
2014.07.29,182,three,vampirella,93,,,
2014.07.29,182,bella,vampirella,11,,,
2014.07.29,182,mina,vampirella,116,,,
2014.07.29,182,snow,vampirella,67,,,
2014.07.29,182,thecount,vampirella,99,,,
2014.07.29,182,three,vampirella,93,,,
2014.07.29,182,bella,vampirella,11,,,
2014.07.29,182,mina,vampirella,116,,,
2014.07.29,182,snow,vampirella,67,,,
2014.07.29,182,thecount,vampirella,99,,,
2014.07.29,182,three,vampirella,93,,,
2014.07.29,182,bella,vampirella,11,,,56.125
2014.07.29,182,mina,vampirella,116,,,2189
2014.07.29,182,snow,vampirella,67,,,
2014.07.29,182,thecount,vampirella,99,,,
2014.07.29,183,bella,lucy,139,,,
2014.07.29,183,mina,lucy,93,,,
2014.07.29,183,thecount,lucy,161,,,
2014.07.29,183,bella,lucy,139,,,
2014.07.29,183,mina,lucy,93,,,
2014.07.29,183,thecount,lucy,161,,,
2014.07.29,183,bella,lucy,139,,,
2014.07.29,183,mina,lucy,93,,,
2014.07.29,183,thecount,lucy,161,,,
