BehaviorSpace results (NetLogo 6.4.0),Spreadsheet version 2.0,,,,,,,,,,,,,,,,,,,,,,,,,,,,,,,,,,,,,,,,,,,,,,,,,,,,,,,,,,,,,,,,,,,,,,,,,,,,,,,,,,,,,,,,,,,,,,,,,,,,,,,,,,,,,,,,,,,,,,,,,,,,,,,,,,,,,,,,,,,,,,,,,,,,,,,,,,,,,,,,,,,,,,,,,,,,,,,,,,,,,,,,,,,,,,,,,,,,,,,,,,,,,,,,,,,,,,,,,,,,,,,,,,,,,,,,,,,,,,,,,,,,,,,,,,,,,,,,,,,,,,,,,,,,,,,,,,,,,,,,,,,,,,,,,,,,,,,,,,,,,,,,,,,,,,,,,,,,,,,,,,,,,,,,,,,,,,,,,,,,,,,,,,,,,,,,,,,,,,,,,,,,,,,,,,,,,,,,,,,,,,,,,,,,,,,,,,,,,,,,,,,,,,,,,,,,,,,,,,,,,,,,,,,,,,,,,,,,,,,,,,,,,,,,,,,,,,,,,,,,,,,,,,,,,,,,,,,,,,,,,,,,,,,,,,,,,,,,,,,,,,,,,,,,,,,,,,,,,,,,,,,,,,,,,,,,,,,,,,,,,,,,,,,,,,,,,,,,,,,,,,,,,,,,,,,,,,,,,,,,,,,,,,,,,,,,,,,,,,,,,,,,,,,,,,,,,,,,,,,,,,,,,,,,,,,,,,,,,,,,,,,,,,,,,,,,,,,,,,,,,,,,,,,,,,,,,,,,,,,,,,,,,,,,,,,,,,,,,,,,,,,,,,,,,,,,,,,,,,,,,,,,,,,,,,,,,,,,,,,,,,,,,,,,,,,,,,,,,,,,,,,,,,,,,,,,,,,,,,,,,,,,,,,,,,,,,,,,,,,,,,,,,,,,,,,,,,,,,,,,,,,,,,,,,,,,,,,,,,,,,,,,,,,,,,,,,,,,,,,,,,,,,,,,,,,,,,,,,,,,,,,,,,,,,,,,,,,,,,,,,,,,,,,,,,,,,,,,,,,,,,,,,,,,,,,,,,,,,,,,,,,,,,,,,,,,,,,,,,,,,,,,,,,,,,,,,,,,,,,,,,,,,,,,,,,,,,,,,,,,,,,,,,,,,,,,,,,,,,,
social_bet_hedging23.nlogo,,,,,,,,,,,,,,,,,,,,,,,,,,,,,,,,,,,,,,,,,,,,,,,,,,,,,,,,,,,,,,,,,,,,,,,,,,,,,,,,,,,,,,,,,,,,,,,,,,,,,,,,,,,,,,,,,,,,,,,,,,,,,,,,,,,,,,,,,,,,,,,,,,,,,,,,,,,,,,,,,,,,,,,,,,,,,,,,,,,,,,,,,,,,,,,,,,,,,,,,,,,,,,,,,,,,,,,,,,,,,,,,,,,,,,,,,,,,,,,,,,,,,,,,,,,,,,,,,,,,,,,,,,,,,,,,,,,,,,,,,,,,,,,,,,,,,,,,,,,,,,,,,,,,,,,,,,,,,,,,,,,,,,,,,,,,,,,,,,,,,,,,,,,,,,,,,,,,,,,,,,,,,,,,,,,,,,,,,,,,,,,,,,,,,,,,,,,,,,,,,,,,,,,,,,,,,,,,,,,,,,,,,,,,,,,,,,,,,,,,,,,,,,,,,,,,,,,,,,,,,,,,,,,,,,,,,,,,,,,,,,,,,,,,,,,,,,,,,,,,,,,,,,,,,,,,,,,,,,,,,,,,,,,,,,,,,,,,,,,,,,,,,,,,,,,,,,,,,,,,,,,,,,,,,,,,,,,,,,,,,,,,,,,,,,,,,,,,,,,,,,,,,,,,,,,,,,,,,,,,,,,,,,,,,,,,,,,,,,,,,,,,,,,,,,,,,,,,,,,,,,,,,,,,,,,,,,,,,,,,,,,,,,,,,,,,,,,,,,,,,,,,,,,,,,,,,,,,,,,,,,,,,,,,,,,,,,,,,,,,,,,,,,,,,,,,,,,,,,,,,,,,,,,,,,,,,,,,,,,,,,,,,,,,,,,,,,,,,,,,,,,,,,,,,,,,,,,,,,,,,,,,,,,,,,,,,,,,,,,,,,,,,,,,,,,,,,,,,,,,,,,,,,,,,,,,,,,,,,,,,,,,,,,,,,,,,,,,,,,,,,,,,,,,,,,,,,,,,,,,,,,,,,,,,,,,,,,,,,,,,,,,,,,,,,,,,,,,,,,,,,,,,,,,,,,,,,,,,,,,,,,,,,,,,,,,,,,,,,,,,,,,,,,,,,,,,,,,,,,,
experiment,,,,,,,,,,,,,,,,,,,,,,,,,,,,,,,,,,,,,,,,,,,,,,,,,,,,,,,,,,,,,,,,,,,,,,,,,,,,,,,,,,,,,,,,,,,,,,,,,,,,,,,,,,,,,,,,,,,,,,,,,,,,,,,,,,,,,,,,,,,,,,,,,,,,,,,,,,,,,,,,,,,,,,,,,,,,,,,,,,,,,,,,,,,,,,,,,,,,,,,,,,,,,,,,,,,,,,,,,,,,,,,,,,,,,,,,,,,,,,,,,,,,,,,,,,,,,,,,,,,,,,,,,,,,,,,,,,,,,,,,,,,,,,,,,,,,,,,,,,,,,,,,,,,,,,,,,,,,,,,,,,,,,,,,,,,,,,,,,,,,,,,,,,,,,,,,,,,,,,,,,,,,,,,,,,,,,,,,,,,,,,,,,,,,,,,,,,,,,,,,,,,,,,,,,,,,,,,,,,,,,,,,,,,,,,,,,,,,,,,,,,,,,,,,,,,,,,,,,,,,,,,,,,,,,,,,,,,,,,,,,,,,,,,,,,,,,,,,,,,,,,,,,,,,,,,,,,,,,,,,,,,,,,,,,,,,,,,,,,,,,,,,,,,,,,,,,,,,,,,,,,,,,,,,,,,,,,,,,,,,,,,,,,,,,,,,,,,,,,,,,,,,,,,,,,,,,,,,,,,,,,,,,,,,,,,,,,,,,,,,,,,,,,,,,,,,,,,,,,,,,,,,,,,,,,,,,,,,,,,,,,,,,,,,,,,,,,,,,,,,,,,,,,,,,,,,,,,,,,,,,,,,,,,,,,,,,,,,,,,,,,,,,,,,,,,,,,,,,,,,,,,,,,,,,,,,,,,,,,,,,,,,,,,,,,,,,,,,,,,,,,,,,,,,,,,,,,,,,,,,,,,,,,,,,,,,,,,,,,,,,,,,,,,,,,,,,,,,,,,,,,,,,,,,,,,,,,,,,,,,,,,,,,,,,,,,,,,,,,,,,,,,,,,,,,,,,,,,,,,,,,,,,,,,,,,,,,,,,,,,,,,,,,,,,,,,,,,,,,,,,,,,,,,,,,,,,,,,,,,,,,,,,,,,,,,,,,,,,,,,,,,,,,,,,,,,,,,,,,,,
03/05/2026 12:09:15:042 -0600,,,,,,,,,,,,,,,,,,,,,,,,,,,,,,,,,,,,,,,,,,,,,,,,,,,,,,,,,,,,,,,,,,,,,,,,,,,,,,,,,,,,,,,,,,,,,,,,,,,,,,,,,,,,,,,,,,,,,,,,,,,,,,,,,,,,,,,,,,,,,,,,,,,,,,,,,,,,,,,,,,,,,,,,,,,,,,,,,,,,,,,,,,,,,,,,,,,,,,,,,,,,,,,,,,,,,,,,,,,,,,,,,,,,,,,,,,,,,,,,,,,,,,,,,,,,,,,,,,,,,,,,,,,,,,,,,,,,,,,,,,,,,,,,,,,,,,,,,,,,,,,,,,,,,,,,,,,,,,,,,,,,,,,,,,,,,,,,,,,,,,,,,,,,,,,,,,,,,,,,,,,,,,,,,,,,,,,,,,,,,,,,,,,,,,,,,,,,,,,,,,,,,,,,,,,,,,,,,,,,,,,,,,,,,,,,,,,,,,,,,,,,,,,,,,,,,,,,,,,,,,,,,,,,,,,,,,,,,,,,,,,,,,,,,,,,,,,,,,,,,,,,,,,,,,,,,,,,,,,,,,,,,,,,,,,,,,,,,,,,,,,,,,,,,,,,,,,,,,,,,,,,,,,,,,,,,,,,,,,,,,,,,,,,,,,,,,,,,,,,,,,,,,,,,,,,,,,,,,,,,,,,,,,,,,,,,,,,,,,,,,,,,,,,,,,,,,,,,,,,,,,,,,,,,,,,,,,,,,,,,,,,,,,,,,,,,,,,,,,,,,,,,,,,,,,,,,,,,,,,,,,,,,,,,,,,,,,,,,,,,,,,,,,,,,,,,,,,,,,,,,,,,,,,,,,,,,,,,,,,,,,,,,,,,,,,,,,,,,,,,,,,,,,,,,,,,,,,,,,,,,,,,,,,,,,,,,,,,,,,,,,,,,,,,,,,,,,,,,,,,,,,,,,,,,,,,,,,,,,,,,,,,,,,,,,,,,,,,,,,,,,,,,,,,,,,,,,,,,,,,,,,,,,,,,,,,,,,,,,,,,,,,,,,,,,,,,,,,,,,,,,,,,,,,,,,,,,,,,,,,,,,,,,,,,,,,,,,,,,,,,,,,,,,,,,,,,,,,,,,
min-pxcor,max-pxcor,min-pycor,max-pycor,,,,,,,,,,,,,,,,,,,,,,,,,,,,,,,,,,,,,,,,,,,,,,,,,,,,,,,,,,,,,,,,,,,,,,,,,,,,,,,,,,,,,,,,,,,,,,,,,,,,,,,,,,,,,,,,,,,,,,,,,,,,,,,,,,,,,,,,,,,,,,,,,,,,,,,,,,,,,,,,,,,,,,,,,,,,,,,,,,,,,,,,,,,,,,,,,,,,,,,,,,,,,,,,,,,,,,,,,,,,,,,,,,,,,,,,,,,,,,,,,,,,,,,,,,,,,,,,,,,,,,,,,,,,,,,,,,,,,,,,,,,,,,,,,,,,,,,,,,,,,,,,,,,,,,,,,,,,,,,,,,,,,,,,,,,,,,,,,,,,,,,,,,,,,,,,,,,,,,,,,,,,,,,,,,,,,,,,,,,,,,,,,,,,,,,,,,,,,,,,,,,,,,,,,,,,,,,,,,,,,,,,,,,,,,,,,,,,,,,,,,,,,,,,,,,,,,,,,,,,,,,,,,,,,,,,,,,,,,,,,,,,,,,,,,,,,,,,,,,,,,,,,,,,,,,,,,,,,,,,,,,,,,,,,,,,,,,,,,,,,,,,,,,,,,,,,,,,,,,,,,,,,,,,,,,,,,,,,,,,,,,,,,,,,,,,,,,,,,,,,,,,,,,,,,,,,,,,,,,,,,,,,,,,,,,,,,,,,,,,,,,,,,,,,,,,,,,,,,,,,,,,,,,,,,,,,,,,,,,,,,,,,,,,,,,,,,,,,,,,,,,,,,,,,,,,,,,,,,,,,,,,,,,,,,,,,,,,,,,,,,,,,,,,,,,,,,,,,,,,,,,,,,,,,,,,,,,,,,,,,,,,,,,,,,,,,,,,,,,,,,,,,,,,,,,,,,,,,,,,,,,,,,,,,,,,,,,,,,,,,,,,,,,,,,,,,,,,,,,,,,,,,,,,,,,,,,,,,,,,,,,,,,,,,,,,,,,,,,,,,,,,,,,,,,,,,,,,,,,,,,,,,,,,,,,,,,,,,,,,,,,,,,,,,,,,,,,,,,,,,,,,,,,,,,,,,,,,,,,,,,,,,,,,,,,,,,,,,,,,,,,,,,,,,,,,,,,,,
-4,3,-2,3,,,,,,,,,,,,,,,,,,,,,,,,,,,,,,,,,,,,,,,,,,,,,,,,,,,,,,,,,,,,,,,,,,,,,,,,,,,,,,,,,,,,,,,,,,,,,,,,,,,,,,,,,,,,,,,,,,,,,,,,,,,,,,,,,,,,,,,,,,,,,,,,,,,,,,,,,,,,,,,,,,,,,,,,,,,,,,,,,,,,,,,,,,,,,,,,,,,,,,,,,,,,,,,,,,,,,,,,,,,,,,,,,,,,,,,,,,,,,,,,,,,,,,,,,,,,,,,,,,,,,,,,,,,,,,,,,,,,,,,,,,,,,,,,,,,,,,,,,,,,,,,,,,,,,,,,,,,,,,,,,,,,,,,,,,,,,,,,,,,,,,,,,,,,,,,,,,,,,,,,,,,,,,,,,,,,,,,,,,,,,,,,,,,,,,,,,,,,,,,,,,,,,,,,,,,,,,,,,,,,,,,,,,,,,,,,,,,,,,,,,,,,,,,,,,,,,,,,,,,,,,,,,,,,,,,,,,,,,,,,,,,,,,,,,,,,,,,,,,,,,,,,,,,,,,,,,,,,,,,,,,,,,,,,,,,,,,,,,,,,,,,,,,,,,,,,,,,,,,,,,,,,,,,,,,,,,,,,,,,,,,,,,,,,,,,,,,,,,,,,,,,,,,,,,,,,,,,,,,,,,,,,,,,,,,,,,,,,,,,,,,,,,,,,,,,,,,,,,,,,,,,,,,,,,,,,,,,,,,,,,,,,,,,,,,,,,,,,,,,,,,,,,,,,,,,,,,,,,,,,,,,,,,,,,,,,,,,,,,,,,,,,,,,,,,,,,,,,,,,,,,,,,,,,,,,,,,,,,,,,,,,,,,,,,,,,,,,,,,,,,,,,,,,,,,,,,,,,,,,,,,,,,,,,,,,,,,,,,,,,,,,,,,,,,,,,,,,,,,,,,,,,,,,,,,,,,,,,,,,,,,,,,,,,,,,,,,,,,,,,,,,,,,,,,,,,,,,,,,,,,,,,,,,,,,,,,,,,,,,,,,,,,,,,,,,,,,,,,,,,,,,,,,,,,,,,,,,,,,,,,,,,,,,,,,,,,,,,,,,,,,,,,,,,,,,,,,,,,
[run number],1,1,1,1,1,1,1,1,1,1,2,2,2,2,2,2,2,2,2,2,3,3,3,3,3,3,3,3,3,3,4,4,4,4,4,4,4,4,4,4,5,5,5,5,5,5,5,5,5,5,6,6,6,6,6,6,6,6,6,6,7,7,7,7,7,7,7,7,7,7,8,8,8,8,8,8,8,8,8,8,9,9,9,9,9,9,9,9,9,9,10,10,10,10,10,10,10,10,10,10,11,11,11,11,11,11,11,11,11,11,12,12,12,12,12,12,12,12,12,12,13,13,13,13,13,13,13,13,13,13,14,14,14,14,14,14,14,14,14,14,15,15,15,15,15,15,15,15,15,15,16,16,16,16,16,16,16,16,16,16,17,17,17,17,17,17,17,17,17,17,18,18,18,18,18,18,18,18,18,18,19,19,19,19,19,19,19,19,19,19,20,20,20,20,20,20,20,20,20,20,21,21,21,21,21,21,21,21,21,21,22,22,22,22,22,22,22,22,22,22,23,23,23,23,23,23,23,23,23,23,24,24,24,24,24,24,24,24,24,24,25,25,25,25,25,25,25,25,25,25,26,26,26,26,26,26,26,26,26,26,27,27,27,27,27,27,27,27,27,27,28,28,28,28,28,28,28,28,28,28,29,29,29,29,29,29,29,29,29,29,30,30,30,30,30,30,30,30,30,30,31,31,31,31,31,31,31,31,31,31,32,32,32,32,32,32,32,32,32,32,33,33,33,33,33,33,33,33,33,33,34,34,34,34,34,34,34,34,34,34,35,35,35,35,35,35,35,35,35,35,36,36,36,36,36,36,36,36,36,36,37,37,37,37,37,37,37,37,37,37,38,38,38,38,38,38,38,38,38,38,39,39,39,39,39,39,39,39,39,39,40,40,40,40,40,40,40,40,40,40,41,41,41,41,41,41,41,41,41,41,42,42,42,42,42,42,42,42,42,42,43,43,43,43,43,43,43,43,43,43,44,44,44,44,44,44,44,44,44,44,45,45,45,45,45,45,45,45,45,45,46,46,46,46,46,46,46,46,46,46,47,47,47,47,47,47,47,47,47,47,48,48,48,48,48,48,48,48,48,48,49,49,49,49,49,49,49,49,49,49,50,50,50,50,50,50,50,50,50,50,51,51,51,51,51,51,51,51,51,51,52,52,52,52,52,52,52,52,52,52,53,53,53,53,53,53,53,53,53,53,54,54,54,54,54,54,54,54,54,54,55,55,55,55,55,55,55,55,55,55,56,56,56,56,56,56,56,56,56,56,57,57,57,57,57,57,57,57,57,57,58,58,58,58,58,58,58,58,58,58,59,59,59,59,59,59,59,59,59,59,60,60,60,60,60,60,60,60,60,60,61,61,61,61,61,61,61,61,61,61,62,62,62,62,62,62,62,62,62,62,63,63,63,63,63,63,63,63,63,63,64,64,64,64,64,64,64,64,64,64,65,65,65,65,65,65,65,65,65,65,66,66,66,66,66,66,66,66,66,66,67,67,67,67,67,67,67,67,67,67,68,68,68,68,68,68,68,68,68,68,69,69,69,69,69,69,69,69,69,69,70,70,70,70,70,70,70,70,70,70,71,71,71,71,71,71,71,71,71,71,72,72,72,72,72,72,72,72,72,72,73,73,73,73,73,73,73,73,73,73,74,74,74,74,74,74,74,74,74,74,75,75,75,75,75,75,75,75,75,75,76,76,76,76,76,76,76,76,76,76,77,77,77,77,77,77,77,77,77,77,78,78,78,78,78,78,78,78,78,78,79,79,79,79,79,79,79,79,79,79,80,80,80,80,80,80,80,80,80,80,81,81,81,81,81,81,81,81,81,81,82,82,82,82,82,82,82,82,82,82,83,83,83,83,83,83,83,83,83,83,84,84,84,84,84,84,84,84,84,84,85,85,85,85,85,85,85,85,85,85,86,86,86,86,86,86,86,86,86,86,87,87,87,87,87,87,87,87,87,87,88,88,88,88,88,88,88,88,88,88,89,89,89,89,89,89,89,89,89,89,90,90,90,90,90,90,90,90,90,90,91,91,91,91,91,91,91,91,91,91,92,92,92,92,92,92,92,92,92,92,93,93,93,93,93,93,93,93,93,93,94,94,94,94,94,94,94,94,94,94,95,95,95,95,95,95,95,95,95,95,96,96,96,96,96,96,96,96,96,96,97,97,97,97,97,97,97,97,97,97,98,98,98,98,98,98,98,98,98,98,99,99,99,99,99,99,99,99,99,99,100,100,100,100,100,100,100,100,100,100,101,101,101,101,101,101,101,101,101,101,102,102,102,102,102,102,102,102,102,102
roost-switch?,TRUE,,,,,,,,,,TRUE,,,,,,,,,,TRUE,,,,,,,,,,TRUE,,,,,,,,,,TRUE,,,,,,,,,,TRUE,,,,,,,,,,TRUE,,,,,,,,,,TRUE,,,,,,,,,,TRUE,,,,,,,,,,TRUE,,,,,,,,,,TRUE,,,,,,,,,,TRUE,,,,,,,,,,TRUE,,,,,,,,,,TRUE,,,,,,,,,,TRUE,,,,,,,,,,TRUE,,,,,,,,,,TRUE,,,,,,,,,,TRUE,,,,,,,,,,TRUE,,,,,,,,,,TRUE,,,,,,,,,,TRUE,,,,,,,,,,TRUE,,,,,,,,,,TRUE,,,,,,,,,,TRUE,,,,,,,,,,TRUE,,,,,,,,,,TRUE,,,,,,,,,,TRUE,,,,,,,,,,TRUE,,,,,,,,,,TRUE,,,,,,,,,,TRUE,,,,,,,,,,TRUE,,,,,,,,,,TRUE,,,,,,,,,,TRUE,,,,,,,,,,TRUE,,,,,,,,,,TRUE,,,,,,,,,,TRUE,,,,,,,,,,TRUE,,,,,,,,,,TRUE,,,,,,,,,,TRUE,,,,,,,,,,TRUE,,,,,,,,,,TRUE,,,,,,,,,,TRUE,,,,,,,,,,TRUE,,,,,,,,,,TRUE,,,,,,,,,,TRUE,,,,,,,,,,TRUE,,,,,,,,,,TRUE,,,,,,,,,,TRUE,,,,,,,,,,TRUE,,,,,,,,,,TRUE,,,,,,,,,,TRUE,,,,,,,,,,TRUE,,,,,,,,,,TRUE,,,,,,,,,,TRUE,,,,,,,,,,TRUE,,,,,,,,,,TRUE,,,,,,,,,,TRUE,,,,,,,,,,TRUE,,,,,,,,,,TRUE,,,,,,,,,,TRUE,,,,,,,,,,TRUE,,,,,,,,,,TRUE,,,,,,,,,,TRUE,,,,,,,,,,TRUE,,,,,,,,,,TRUE,,,,,,,,,,TRUE,,,,,,,,,,TRUE,,,,,,,,,,TRUE,,,,,,,,,,TRUE,,,,,,,,,,TRUE,,,,,,,,,,TRUE,,,,,,,,,,TRUE,,,,,,,,,,TRUE,,,,,,,,,,TRUE,,,,,,,,,,TRUE,,,,,,,,,,TRUE,,,,,,,,,,TRUE,,,,,,,,,,TRUE,,,,,,,,,,TRUE,,,,,,,,,,TRUE,,,,,,,,,,TRUE,,,,,,,,,,TRUE,,,,,,,,,,TRUE,,,,,,,,,,TRUE,,,,,,,,,,TRUE,,,,,,,,,,TRUE,,,,,,,,,,TRUE,,,,,,,,,,TRUE,,,,,,,,,,TRUE,,,,,,,,,,TRUE,,,,,,,,,,TRUE,,,,,,,,,,TRUE,,,,,,,,,,TRUE,,,,,,,,,,TRUE,,,,,,,,,,TRUE,,,,,,,,,,TRUE,,,,,,,,,,TRUE,,,,,,,,,,TRUE,,,,,,,,,,TRUE,,,,,,,,,,TRUE,,,,,,,,,,TRUE,,,,,,,,,,TRUE,,,,,,,,,
social-pref?,TRUE,,,,,,,,,,TRUE,,,,,,,,,,TRUE,,,,,,,,,,TRUE,,,,,,,,,,TRUE,,,,,,,,,,TRUE,,,,,,,,,,TRUE,,,,,,,,,,TRUE,,,,,,,,,,TRUE,,,,,,,,,,TRUE,,,,,,,,,,TRUE,,,,,,,,,,TRUE,,,,,,,,,,TRUE,,,,,,,,,,TRUE,,,,,,,,,,TRUE,,,,,,,,,,TRUE,,,,,,,,,,TRUE,,,,,,,,,,TRUE,,,,,,,,,,TRUE,,,,,,,,,,TRUE,,,,,,,,,,TRUE,,,,,,,,,,TRUE,,,,,,,,,,TRUE,,,,,,,,,,TRUE,,,,,,,,,,TRUE,,,,,,,,,,TRUE,,,,,,,,,,TRUE,,,,,,,,,,TRUE,,,,,,,,,,TRUE,,,,,,,,,,TRUE,,,,,,,,,,TRUE,,,,,,,,,,TRUE,,,,,,,,,,TRUE,,,,,,,,,,TRUE,,,,,,,,,,TRUE,,,,,,,,,,TRUE,,,,,,,,,,TRUE,,,,,,,,,,TRUE,,,,,,,,,,TRUE,,,,,,,,,,TRUE,,,,,,,,,,TRUE,,,,,,,,,,TRUE,,,,,,,,,,TRUE,,,,,,,,,,TRUE,,,,,,,,,,TRUE,,,,,,,,,,TRUE,,,,,,,,,,TRUE,,,,,,,,,,TRUE,,,,,,,,,,TRUE,,,,,,,,,,TRUE,,,,,,,,,,TRUE,,,,,,,,,,TRUE,,,,,,,,,,TRUE,,,,,,,,,,TRUE,,,,,,,,,,TRUE,,,,,,,,,,TRUE,,,,,,,,,,TRUE,,,,,,,,,,TRUE,,,,,,,,,,TRUE,,,,,,,,,,TRUE,,,,,,,,,,TRUE,,,,,,,,,,TRUE,,,,,,,,,,TRUE,,,,,,,,,,TRUE,,,,,,,,,,TRUE,,,,,,,,,,TRUE,,,,,,,,,,TRUE,,,,,,,,,,TRUE,,,,,,,,,,TRUE,,,,,,,,,,TRUE,,,,,,,,,,TRUE,,,,,,,,,,TRUE,,,,,,,,,,TRUE,,,,,,,,,,TRUE,,,,,,,,,,TRUE,,,,,,,,,,TRUE,,,,,,,,,,TRUE,,,,,,,,,,TRUE,,,,,,,,,,TRUE,,,,,,,,,,TRUE,,,,,,,,,,TRUE,,,,,,,,,,TRUE,,,,,,,,,,TRUE,,,,,,,,,,TRUE,,,,,,,,,,TRUE,,,,,,,,,,TRUE,,,,,,,,,,TRUE,,,,,,,,,,TRUE,,,,,,,,,,TRUE,,,,,,,,,,TRUE,,,,,,,,,,TRUE,,,,,,,,,,TRUE,,,,,,,,,,TRUE,,,,,,,,,,TRUE,,,,,,,,,,TRUE,,,,,,,,,,TRUE,,,,,,,,,,TRUE,,,,,,,,,,TRUE,,,,,,,,,,TRUE,,,,,,,,,,TRUE,,,,,,,,,,TRUE,,,,,,,,,,TRUE,,,,,,,,,
social-inheritance,FALSE,,,,,,,,,,FALSE,,,,,,,,,,FALSE,,,,,,,,,,FALSE,,,,,,,,,,FALSE,,,,,,,,,,FALSE,,,,,,,,,,FALSE,,,,,,,,,,FALSE,,,,,,,,,,FALSE,,,,,,,,,,FALSE,,,,,,,,,,FALSE,,,,,,,,,,FALSE,,,,,,,,,,FALSE,,,,,,,,,,FALSE,,,,,,,,,,FALSE,,,,,,,,,,FALSE,,,,,,,,,,FALSE,,,,,,,,,,FALSE,,,,,,,,,,FALSE,,,,,,,,,,FALSE,,,,,,,,,,FALSE,,,,,,,,,,FALSE,,,,,,,,,,FALSE,,,,,,,,,,FALSE,,,,,,,,,,FALSE,,,,,,,,,,FALSE,,,,,,,,,,FALSE,,,,,,,,,,FALSE,,,,,,,,,,FALSE,,,,,,,,,,FALSE,,,,,,,,,,FALSE,,,,,,,,,,FALSE,,,,,,,,,,FALSE,,,,,,,,,,FALSE,,,,,,,,,,FALSE,,,,,,,,,,FALSE,,,,,,,,,,FALSE,,,,,,,,,,FALSE,,,,,,,,,,FALSE,,,,,,,,,,FALSE,,,,,,,,,,FALSE,,,,,,,,,,FALSE,,,,,,,,,,FALSE,,,,,,,,,,FALSE,,,,,,,,,,FALSE,,,,,,,,,,FALSE,,,,,,,,,,FALSE,,,,,,,,,,FALSE,,,,,,,,,,FALSE,,,,,,,,,,FALSE,,,,,,,,,,FALSE,,,,,,,,,,FALSE,,,,,,,,,,FALSE,,,,,,,,,,FALSE,,,,,,,,,,FALSE,,,,,,,,,,FALSE,,,,,,,,,,FALSE,,,,,,,,,,FALSE,,,,,,,,,,FALSE,,,,,,,,,,FALSE,,,,,,,,,,FALSE,,,,,,,,,,FALSE,,,,,,,,,,FALSE,,,,,,,,,,FALSE,,,,,,,,,,FALSE,,,,,,,,,,FALSE,,,,,,,,,,FALSE,,,,,,,,,,FALSE,,,,,,,,,,FALSE,,,,,,,,,,FALSE,,,,,,,,,,FALSE,,,,,,,,,,FALSE,,,,,,,,,,FALSE,,,,,,,,,,FALSE,,,,,,,,,,FALSE,,,,,,,,,,FALSE,,,,,,,,,,FALSE,,,,,,,,,,FALSE,,,,,,,,,,FALSE,,,,,,,,,,FALSE,,,,,,,,,,FALSE,,,,,,,,,,FALSE,,,,,,,,,,FALSE,,,,,,,,,,FALSE,,,,,,,,,,FALSE,,,,,,,,,,FALSE,,,,,,,,,,FALSE,,,,,,,,,,FALSE,,,,,,,,,,FALSE,,,,,,,,,,FALSE,,,,,,,,,,FALSE,,,,,,,,,,FALSE,,,,,,,,,,FALSE,,,,,,,,,,FALSE,,,,,,,,,,FALSE,,,,,,,,,,FALSE,,,,,,,,,,FALSE,,,,,,,,,,FALSE,,,,,,,,,,FALSE,,,,,,,,,,FALSE,,,,,,,,,,FALSE,,,,,,,,,,FALSE,,,,,,,,,
social-inheritance2,FALSE,,,,,,,,,,FALSE,,,,,,,,,,FALSE,,,,,,,,,,FALSE,,,,,,,,,,FALSE,,,,,,,,,,FALSE,,,,,,,,,,FALSE,,,,,,,,,,FALSE,,,,,,,,,,FALSE,,,,,,,,,,FALSE,,,,,,,,,,FALSE,,,,,,,,,,FALSE,,,,,,,,,,FALSE,,,,,,,,,,FALSE,,,,,,,,,,FALSE,,,,,,,,,,FALSE,,,,,,,,,,FALSE,,,,,,,,,,FALSE,,,,,,,,,,FALSE,,,,,,,,,,FALSE,,,,,,,,,,FALSE,,,,,,,,,,FALSE,,,,,,,,,,FALSE,,,,,,,,,,FALSE,,,,,,,,,,FALSE,,,,,,,,,,FALSE,,,,,,,,,,FALSE,,,,,,,,,,FALSE,,,,,,,,,,FALSE,,,,,,,,,,FALSE,,,,,,,,,,FALSE,,,,,,,,,,FALSE,,,,,,,,,,FALSE,,,,,,,,,,FALSE,,,,,,,,,,FALSE,,,,,,,,,,FALSE,,,,,,,,,,FALSE,,,,,,,,,,FALSE,,,,,,,,,,FALSE,,,,,,,,,,FALSE,,,,,,,,,,FALSE,,,,,,,,,,FALSE,,,,,,,,,,FALSE,,,,,,,,,,FALSE,,,,,,,,,,FALSE,,,,,,,,,,FALSE,,,,,,,,,,FALSE,,,,,,,,,,FALSE,,,,,,,,,,FALSE,,,,,,,,,,FALSE,,,,,,,,,,FALSE,,,,,,,,,,FALSE,,,,,,,,,,FALSE,,,,,,,,,,FALSE,,,,,,,,,,FALSE,,,,,,,,,,FALSE,,,,,,,,,,FALSE,,,,,,,,,,FALSE,,,,,,,,,,FALSE,,,,,,,,,,FALSE,,,,,,,,,,FALSE,,,,,,,,,,FALSE,,,,,,,,,,FALSE,,,,,,,,,,FALSE,,,,,,,,,,FALSE,,,,,,,,,,FALSE,,,,,,,,,,FALSE,,,,,,,,,,FALSE,,,,,,,,,,FALSE,,,,,,,,,,FALSE,,,,,,,,,,FALSE,,,,,,,,,,FALSE,,,,,,,,,,FALSE,,,,,,,,,,FALSE,,,,,,,,,,FALSE,,,,,,,,,,FALSE,,,,,,,,,,FALSE,,,,,,,,,,FALSE,,,,,,,,,,FALSE,,,,,,,,,,FALSE,,,,,,,,,,FALSE,,,,,,,,,,FALSE,,,,,,,,,,FALSE,,,,,,,,,,FALSE,,,,,,,,,,FALSE,,,,,,,,,,FALSE,,,,,,,,,,FALSE,,,,,,,,,,FALSE,,,,,,,,,,FALSE,,,,,,,,,,FALSE,,,,,,,,,,FALSE,,,,,,,,,,FALSE,,,,,,,,,,FALSE,,,,,,,,,,FALSE,,,,,,,,,,FALSE,,,,,,,,,,FALSE,,,,,,,,,,FALSE,,,,,,,,,,FALSE,,,,,,,,,,FALSE,,,,,,,,,,FALSE,,,,,,,,,,FALSE,,,,,,,,,,FALSE,,,,,,,,,
cheating,FALSE,,,,,,,,,,FALSE,,,,,,,,,,FALSE,,,,,,,,,,FALSE,,,,,,,,,,FALSE,,,,,,,,,,FALSE,,,,,,,,,,FALSE,,,,,,,,,,FALSE,,,,,,,,,,FALSE,,,,,,,,,,FALSE,,,,,,,,,,FALSE,,,,,,,,,,FALSE,,,,,,,,,,FALSE,,,,,,,,,,FALSE,,,,,,,,,,FALSE,,,,,,,,,,FALSE,,,,,,,,,,FALSE,,,,,,,,,,FALSE,,,,,,,,,,FALSE,,,,,,,,,,FALSE,,,,,,,,,,FALSE,,,,,,,,,,FALSE,,,,,,,,,,FALSE,,,,,,,,,,FALSE,,,,,,,,,,FALSE,,,,,,,,,,FALSE,,,,,,,,,,FALSE,,,,,,,,,,FALSE,,,,,,,,,,FALSE,,,,,,,,,,FALSE,,,,,,,,,,FALSE,,,,,,,,,,FALSE,,,,,,,,,,FALSE,,,,,,,,,,FALSE,,,,,,,,,,FALSE,,,,,,,,,,FALSE,,,,,,,,,,FALSE,,,,,,,,,,FALSE,,,,,,,,,,FALSE,,,,,,,,,,FALSE,,,,,,,,,,FALSE,,,,,,,,,,FALSE,,,,,,,,,,FALSE,,,,,,,,,,FALSE,,,,,,,,,,FALSE,,,,,,,,,,FALSE,,,,,,,,,,FALSE,,,,,,,,,,FALSE,,,,,,,,,,FALSE,,,,,,,,,,FALSE,,,,,,,,,,FALSE,,,,,,,,,,FALSE,,,,,,,,,,FALSE,,,,,,,,,,FALSE,,,,,,,,,,FALSE,,,,,,,,,,FALSE,,,,,,,,,,FALSE,,,,,,,,,,FALSE,,,,,,,,,,FALSE,,,,,,,,,,FALSE,,,,,,,,,,FALSE,,,,,,,,,,FALSE,,,,,,,,,,FALSE,,,,,,,,,,FALSE,,,,,,,,,,FALSE,,,,,,,,,,FALSE,,,,,,,,,,FALSE,,,,,,,,,,FALSE,,,,,,,,,,FALSE,,,,,,,,,,FALSE,,,,,,,,,,FALSE,,,,,,,,,,FALSE,,,,,,,,,,FALSE,,,,,,,,,,FALSE,,,,,,,,,,FALSE,,,,,,,,,,FALSE,,,,,,,,,,FALSE,,,,,,,,,,FALSE,,,,,,,,,,FALSE,,,,,,,,,,FALSE,,,,,,,,,,FALSE,,,,,,,,,,FALSE,,,,,,,,,,FALSE,,,,,,,,,,FALSE,,,,,,,,,,FALSE,,,,,,,,,,FALSE,,,,,,,,,,FALSE,,,,,,,,,,FALSE,,,,,,,,,,FALSE,,,,,,,,,,FALSE,,,,,,,,,,FALSE,,,,,,,,,,FALSE,,,,,,,,,,FALSE,,,,,,,,,,FALSE,,,,,,,,,,FALSE,,,,,,,,,,FALSE,,,,,,,,,,FALSE,,,,,,,,,,FALSE,,,,,,,,,,FALSE,,,,,,,,,,FALSE,,,,,,,,,,FALSE,,,,,,,,,,FALSE,,,,,,,,,
p_die,3.00E-04,,,,,,,,,,3.00E-04,,,,,,,,,,3.00E-04,,,,,,,,,,3.00E-04,,,,,,,,,,3.00E-04,,,,,,,,,,3.00E-04,,,,,,,,,,3.00E-04,,,,,,,,,,3.00E-04,,,,,,,,,,3.00E-04,,,,,,,,,,3.00E-04,,,,,,,,,,3.00E-04,,,,,,,,,,3.00E-04,,,,,,,,,,3.00E-04,,,,,,,,,,3.00E-04,,,,,,,,,,3.00E-04,,,,,,,,,,3.00E-04,,,,,,,,,,3.00E-04,,,,,,,,,,3.00E-04,,,,,,,,,,3.00E-04,,,,,,,,,,3.00E-04,,,,,,,,,,3.00E-04,,,,,,,,,,3.00E-04,,,,,,,,,,3.00E-04,,,,,,,,,,3.00E-04,,,,,,,,,,3.00E-04,,,,,,,,,,3.00E-04,,,,,,,,,,3.00E-04,,,,,,,,,,3.00E-04,,,,,,,,,,3.00E-04,,,,,,,,,,3.00E-04,,,,,,,,,,3.00E-04,,,,,,,,,,3.00E-04,,,,,,,,,,3.00E-04,,,,,,,,,,3.00E-04,,,,,,,,,,3.00E-04,,,,,,,,,,3.00E-04,,,,,,,,,,3.00E-04,,,,,,,,,,3.00E-04,,,,,,,,,,3.00E-04,,,,,,,,,,3.00E-04,,,,,,,,,,3.00E-04,,,,,,,,,,3.00E-04,,,,,,,,,,3.00E-04,,,,,,,,,,3.00E-04,,,,,,,,,,3.00E-04,,,,,,,,,,3.00E-04,,,,,,,,,,3.00E-04,,,,,,,,,,3.00E-04,,,,,,,,,,3.00E-04,,,,,,,,,,3.00E-04,,,,,,,,,,3.00E-04,,,,,,,,,,3.00E-04,,,,,,,,,,3.00E-04,,,,,,,,,,3.00E-04,,,,,,,,,,3.00E-04,,,,,,,,,,3.00E-04,,,,,,,,,,3.00E-04,,,,,,,,,,3.00E-04,,,,,,,,,,3.00E-04,,,,,,,,,,3.00E-04,,,,,,,,,,3.00E-04,,,,,,,,,,3.00E-04,,,,,,,,,,3.00E-04,,,,,,,,,,3.00E-04,,,,,,,,,,3.00E-04,,,,,,,,,,3.00E-04,,,,,,,,,,3.00E-04,,,,,,,,,,3.00E-04,,,,,,,,,,3.00E-04,,,,,,,,,,3.00E-04,,,,,,,,,,3.00E-04,,,,,,,,,,3.00E-04,,,,,,,,,,3.00E-04,,,,,,,,,,3.00E-04,,,,,,,,,,3.00E-04,,,,,,,,,,3.00E-04,,,,,,,,,,3.00E-04,,,,,,,,,,3.00E-04,,,,,,,,,,3.00E-04,,,,,,,,,,3.00E-04,,,,,,,,,,3.00E-04,,,,,,,,,,3.00E-04,,,,,,,,,,3.00E-04,,,,,,,,,,3.00E-04,,,,,,,,,,3.00E-04,,,,,,,,,,3.00E-04,,,,,,,,,,3.00E-04,,,,,,,,,,3.00E-04,,,,,,,,,,3.00E-04,,,,,,,,,,3.00E-04,,,,,,,,,,3.00E-04,,,,,,,,,,3.00E-04,,,,,,,,,,3.00E-04,,,,,,,,,,3.00E-04,,,,,,,,,,3.00E-04,,,,,,,,,,3.00E-04,,,,,,,,,,3.00E-04,,,,,,,,,,3.00E-04,,,,,,,,,,3.00E-04,,,,,,,,,,3.00E-04,,,,,,,,,,3.00E-04,,,,,,,,,,3.00E-04,,,,,,,,,
limit,6,,,,,,,,,,6,,,,,,,,,,6,,,,,,,,,,6,,,,,,,,,,6,,,,,,,,,,6,,,,,,,,,,6,,,,,,,,,,6,,,,,,,,,,6,,,,,,,,,,6,,,,,,,,,,6,,,,,,,,,,6,,,,,,,,,,6,,,,,,,,,,6,,,,,,,,,,6,,,,,,,,,,6,,,,,,,,,,6,,,,,,,,,,6,,,,,,,,,,6,,,,,,,,,,6,,,,,,,,,,6,,,,,,,,,,6,,,,,,,,,,6,,,,,,,,,,6,,,,,,,,,,6,,,,,,,,,,6,,,,,,,,,,6,,,,,,,,,,6,,,,,,,,,,6,,,,,,,,,,6,,,,,,,,,,6,,,,,,,,,,6,,,,,,,,,,6,,,,,,,,,,6,,,,,,,,,,6,,,,,,,,,,6,,,,,,,,,,6,,,,,,,,,,6,,,,,,,,,,6,,,,,,,,,,6,,,,,,,,,,6,,,,,,,,,,6,,,,,,,,,,6,,,,,,,,,,6,,,,,,,,,,6,,,,,,,,,,6,,,,,,,,,,6,,,,,,,,,,6,,,,,,,,,,6,,,,,,,,,,6,,,,,,,,,,6,,,,,,,,,,6,,,,,,,,,,6,,,,,,,,,,6,,,,,,,,,,6,,,,,,,,,,6,,,,,,,,,,6,,,,,,,,,,6,,,,,,,,,,6,,,,,,,,,,6,,,,,,,,,,6,,,,,,,,,,6,,,,,,,,,,6,,,,,,,,,,6,,,,,,,,,,6,,,,,,,,,,6,,,,,,,,,,6,,,,,,,,,,6,,,,,,,,,,6,,,,,,,,,,6,,,,,,,,,,6,,,,,,,,,,6,,,,,,,,,,6,,,,,,,,,,6,,,,,,,,,,6,,,,,,,,,,6,,,,,,,,,,6,,,,,,,,,,6,,,,,,,,,,6,,,,,,,,,,6,,,,,,,,,,6,,,,,,,,,,6,,,,,,,,,,6,,,,,,,,,,6,,,,,,,,,,6,,,,,,,,,,6,,,,,,,,,,6,,,,,,,,,,6,,,,,,,,,,6,,,,,,,,,,6,,,,,,,,,,6,,,,,,,,,,6,,,,,,,,,,6,,,,,,,,,,6,,,,,,,,,,6,,,,,,,,,,6,,,,,,,,,,6,,,,,,,,,,6,,,,,,,,,,6,,,,,,,,,,6,,,,,,,,,,6,,,,,,,,,,6,,,,,,,,,
foraging,0.93,,,,,,,,,,0.93,,,,,,,,,,0.93,,,,,,,,,,0.93,,,,,,,,,,0.93,,,,,,,,,,0.93,,,,,,,,,,0.93,,,,,,,,,,0.93,,,,,,,,,,0.93,,,,,,,,,,0.93,,,,,,,,,,0.93,,,,,,,,,,0.93,,,,,,,,,,0.93,,,,,,,,,,0.93,,,,,,,,,,0.93,,,,,,,,,,0.93,,,,,,,,,,0.93,,,,,,,,,,0.93,,,,,,,,,,0.93,,,,,,,,,,0.93,,,,,,,,,,0.93,,,,,,,,,,0.93,,,,,,,,,,0.93,,,,,,,,,,0.93,,,,,,,,,,0.93,,,,,,,,,,0.93,,,,,,,,,,0.93,,,,,,,,,,0.93,,,,,,,,,,0.93,,,,,,,,,,0.93,,,,,,,,,,0.93,,,,,,,,,,0.93,,,,,,,,,,0.93,,,,,,,,,,0.93,,,,,,,,,,0.93,,,,,,,,,,0.93,,,,,,,,,,0.93,,,,,,,,,,0.93,,,,,,,,,,0.93,,,,,,,,,,0.93,,,,,,,,,,0.93,,,,,,,,,,0.93,,,,,,,,,,0.93,,,,,,,,,,0.93,,,,,,,,,,0.93,,,,,,,,,,0.93,,,,,,,,,,0.93,,,,,,,,,,0.93,,,,,,,,,,0.93,,,,,,,,,,0.93,,,,,,,,,,0.93,,,,,,,,,,0.93,,,,,,,,,,0.93,,,,,,,,,,0.93,,,,,,,,,,0.93,,,,,,,,,,0.93,,,,,,,,,,0.93,,,,,,,,,,0.93,,,,,,,,,,0.93,,,,,,,,,,0.93,,,,,,,,,,0.93,,,,,,,,,,0.93,,,,,,,,,,0.93,,,,,,,,,,0.93,,,,,,,,,,0.93,,,,,,,,,,0.93,,,,,,,,,,0.93,,,,,,,,,,0.93,,,,,,,,,,0.93,,,,,,,,,,0.93,,,,,,,,,,0.93,,,,,,,,,,0.93,,,,,,,,,,0.93,,,,,,,,,,0.93,,,,,,,,,,0.93,,,,,,,,,,0.93,,,,,,,,,,0.93,,,,,,,,,,0.93,,,,,,,,,,0.93,,,,,,,,,,0.93,,,,,,,,,,0.93,,,,,,,,,,0.93,,,,,,,,,,0.93,,,,,,,,,,0.93,,,,,,,,,,0.93,,,,,,,,,,0.93,,,,,,,,,,0.93,,,,,,,,,,0.93,,,,,,,,,,0.93,,,,,,,,,,0.93,,,,,,,,,,0.93,,,,,,,,,,0.93,,,,,,,,,,0.93,,,,,,,,,,0.93,,,,,,,,,,0.93,,,,,,,,,,0.93,,,,,,,,,,0.93,,,,,,,,,,0.93,,,,,,,,,,0.93,,,,,,,,,,0.93,,,,,,,,,,0.93,,,,,,,,,,0.93,,,,,,,,,
decay,0,,,,,,,,,,0,,,,,,,,,,0,,,,,,,,,,0,,,,,,,,,,0,,,,,,,,,,0,,,,,,,,,,0,,,,,,,,,,0,,,,,,,,,,0,,,,,,,,,,0,,,,,,,,,,0,,,,,,,,,,0,,,,,,,,,,0,,,,,,,,,,0,,,,,,,,,,0,,,,,,,,,,0,,,,,,,,,,0,,,,,,,,,,0,,,,,,,,,,0,,,,,,,,,,0,,,,,,,,,,0,,,,,,,,,,0,,,,,,,,,,0,,,,,,,,,,0,,,,,,,,,,0,,,,,,,,,,0,,,,,,,,,,0,,,,,,,,,,0,,,,,,,,,,0,,,,,,,,,,0,,,,,,,,,,0,,,,,,,,,,0,,,,,,,,,,0,,,,,,,,,,0,,,,,,,,,,0,,,,,,,,,,0,,,,,,,,,,0,,,,,,,,,,0,,,,,,,,,,0,,,,,,,,,,0,,,,,,,,,,0,,,,,,,,,,0,,,,,,,,,,0,,,,,,,,,,0,,,,,,,,,,0,,,,,,,,,,0,,,,,,,,,,0,,,,,,,,,,0,,,,,,,,,,0,,,,,,,,,,0,,,,,,,,,,0,,,,,,,,,,0,,,,,,,,,,0,,,,,,,,,,0,,,,,,,,,,0,,,,,,,,,,0,,,,,,,,,,0,,,,,,,,,,0,,,,,,,,,,0,,,,,,,,,,0,,,,,,,,,,0,,,,,,,,,,0,,,,,,,,,,0,,,,,,,,,,0,,,,,,,,,,0,,,,,,,,,,0,,,,,,,,,,0,,,,,,,,,,0,,,,,,,,,,0,,,,,,,,,,0,,,,,,,,,,0,,,,,,,,,,0,,,,,,,,,,0,,,,,,,,,,0,,,,,,,,,,0,,,,,,,,,,0,,,,,,,,,,0,,,,,,,,,,0,,,,,,,,,,0,,,,,,,,,,0,,,,,,,,,,0,,,,,,,,,,0,,,,,,,,,,0,,,,,,,,,,0,,,,,,,,,,0,,,,,,,,,,0,,,,,,,,,,0,,,,,,,,,,0,,,,,,,,,,0,,,,,,,,,,0,,,,,,,,,,0,,,,,,,,,,0,,,,,,,,,,0,,,,,,,,,,0,,,,,,,,,,0,,,,,,,,,,0,,,,,,,,,,0,,,,,,,,,,0,,,,,,,,,,0,,,,,,,,,,0,,,,,,,,,,0,,,,,,,,,,0,,,,,,,,,
modifier,0,,,,,,,,,,0,,,,,,,,,,1.00E-04,,,,,,,,,,1.00E-04,,,,,,,,,,2.00E-04,,,,,,,,,,2.00E-04,,,,,,,,,,3.00E-04,,,,,,,,,,3.00E-04,,,,,,,,,,4.00E-04,,,,,,,,,,4.00E-04,,,,,,,,,,5.00E-04,,,,,,,,,,5.00E-04,,,,,,,,,,6.00E-04,,,,,,,,,,6.00E-04,,,,,,,,,,7.00E-04,,,,,,,,,,7.00E-04,,,,,,,,,,8.00E-04,,,,,,,,,,8.00E-04,,,,,,,,,,9.00E-04,,,,,,,,,,9.00E-04,,,,,,,,,,0.001,,,,,,,,,,0.001,,,,,,,,,,0.0011,,,,,,,,,,0.0011,,,,,,,,,,0.0012,,,,,,,,,,0.0012,,,,,,,,,,0.0013,,,,,,,,,,0.0013,,,,,,,,,,0.0014,,,,,,,,,,0.0014,,,,,,,,,,0.0015,,,,,,,,,,0.0015,,,,,,,,,,0.0016,,,,,,,,,,0.0016,,,,,,,,,,0.0017,,,,,,,,,,0.0017,,,,,,,,,,0.0018,,,,,,,,,,0.0018,,,,,,,,,,0.0019,,,,,,,,,,0.0019,,,,,,,,,,0.002,,,,,,,,,,0.002,,,,,,,,,,0.0021,,,,,,,,,,0.0021,,,,,,,,,,0.0022,,,,,,,,,,0.0022,,,,,,,,,,0.0023,,,,,,,,,,0.0023,,,,,,,,,,0.0024,,,,,,,,,,0.0024,,,,,,,,,,0.0025,,,,,,,,,,0.0025,,,,,,,,,,0.0026,,,,,,,,,,0.0026,,,,,,,,,,0.0027,,,,,,,,,,0.0027,,,,,,,,,,0.0028,,,,,,,,,,0.0028,,,,,,,,,,0.0029,,,,,,,,,,0.0029,,,,,,,,,,0.003,,,,,,,,,,0.003,,,,,,,,,,0.0031,,,,,,,,,,0.0031,,,,,,,,,,0.0032,,,,,,,,,,0.0032,,,,,,,,,,0.0033,,,,,,,,,,0.0033,,,,,,,,,,0.0034,,,,,,,,,,0.0034,,,,,,,,,,0.0035,,,,,,,,,,0.0035,,,,,,,,,,0.0036,,,,,,,,,,0.0036,,,,,,,,,,0.0037,,,,,,,,,,0.0037,,,,,,,,,,0.0038,,,,,,,,,,0.0038,,,,,,,,,,0.0039,,,,,,,,,,0.0039,,,,,,,,,,0.004,,,,,,,,,,0.004,,,,,,,,,,0.0041,,,,,,,,,,0.0041,,,,,,,,,,0.0042,,,,,,,,,,0.0042,,,,,,,,,,0.0043,,,,,,,,,,0.0043,,,,,,,,,,0.0044,,,,,,,,,,0.0044,,,,,,,,,,0.0045,,,,,,,,,,0.0045,,,,,,,,,,0.0046,,,,,,,,,,0.0046,,,,,,,,,,0.0047,,,,,,,,,,0.0047,,,,,,,,,,0.0048,,,,,,,,,,0.0048,,,,,,,,,,0.0049,,,,,,,,,,0.0049,,,,,,,,,,0.005,,,,,,,,,,0.005,,,,,,,,,
discriminatory,30,,,,,,,,,,30,,,,,,,,,,30,,,,,,,,,,30,,,,,,,,,,30,,,,,,,,,,30,,,,,,,,,,30,,,,,,,,,,30,,,,,,,,,,30,,,,,,,,,,30,,,,,,,,,,30,,,,,,,,,,30,,,,,,,,,,30,,,,,,,,,,30,,,,,,,,,,30,,,,,,,,,,30,,,,,,,,,,30,,,,,,,,,,30,,,,,,,,,,30,,,,,,,,,,30,,,,,,,,,,30,,,,,,,,,,30,,,,,,,,,,30,,,,,,,,,,30,,,,,,,,,,30,,,,,,,,,,30,,,,,,,,,,30,,,,,,,,,,30,,,,,,,,,,30,,,,,,,,,,30,,,,,,,,,,30,,,,,,,,,,30,,,,,,,,,,30,,,,,,,,,,30,,,,,,,,,,30,,,,,,,,,,30,,,,,,,,,,30,,,,,,,,,,30,,,,,,,,,,30,,,,,,,,,,30,,,,,,,,,,30,,,,,,,,,,30,,,,,,,,,,30,,,,,,,,,,30,,,,,,,,,,30,,,,,,,,,,30,,,,,,,,,,30,,,,,,,,,,30,,,,,,,,,,30,,,,,,,,,,30,,,,,,,,,,30,,,,,,,,,,30,,,,,,,,,,30,,,,,,,,,,30,,,,,,,,,,30,,,,,,,,,,30,,,,,,,,,,30,,,,,,,,,,30,,,,,,,,,,30,,,,,,,,,,30,,,,,,,,,,30,,,,,,,,,,30,,,,,,,,,,30,,,,,,,,,,30,,,,,,,,,,30,,,,,,,,,,30,,,,,,,,,,30,,,,,,,,,,30,,,,,,,,,,30,,,,,,,,,,30,,,,,,,,,,30,,,,,,,,,,30,,,,,,,,,,30,,,,,,,,,,30,,,,,,,,,,30,,,,,,,,,,30,,,,,,,,,,30,,,,,,,,,,30,,,,,,,,,,30,,,,,,,,,,30,,,,,,,,,,30,,,,,,,,,,30,,,,,,,,,,30,,,,,,,,,,30,,,,,,,,,,30,,,,,,,,,,30,,,,,,,,,,30,,,,,,,,,,30,,,,,,,,,,30,,,,,,,,,,30,,,,,,,,,,30,,,,,,,,,,30,,,,,,,,,,30,,,,,,,,,,30,,,,,,,,,,30,,,,,,,,,,30,,,,,,,,,,30,,,,,,,,,,30,,,,,,,,,,30,,,,,,,,,,30,,,,,,,,,,30,,,,,,,,,,30,,,,,,,,,
threshold,0,,,,,,,,,,0,,,,,,,,,,0,,,,,,,,,,0,,,,,,,,,,0,,,,,,,,,,0,,,,,,,,,,0,,,,,,,,,,0,,,,,,,,,,0,,,,,,,,,,0,,,,,,,,,,0,,,,,,,,,,0,,,,,,,,,,0,,,,,,,,,,0,,,,,,,,,,0,,,,,,,,,,0,,,,,,,,,,0,,,,,,,,,,0,,,,,,,,,,0,,,,,,,,,,0,,,,,,,,,,0,,,,,,,,,,0,,,,,,,,,,0,,,,,,,,,,0,,,,,,,,,,0,,,,,,,,,,0,,,,,,,,,,0,,,,,,,,,,0,,,,,,,,,,0,,,,,,,,,,0,,,,,,,,,,0,,,,,,,,,,0,,,,,,,,,,0,,,,,,,,,,0,,,,,,,,,,0,,,,,,,,,,0,,,,,,,,,,0,,,,,,,,,,0,,,,,,,,,,0,,,,,,,,,,0,,,,,,,,,,0,,,,,,,,,,0,,,,,,,,,,0,,,,,,,,,,0,,,,,,,,,,0,,,,,,,,,,0,,,,,,,,,,0,,,,,,,,,,0,,,,,,,,,,0,,,,,,,,,,0,,,,,,,,,,0,,,,,,,,,,0,,,,,,,,,,0,,,,,,,,,,0,,,,,,,,,,0,,,,,,,,,,0,,,,,,,,,,0,,,,,,,,,,0,,,,,,,,,,0,,,,,,,,,,0,,,,,,,,,,0,,,,,,,,,,0,,,,,,,,,,0,,,,,,,,,,0,,,,,,,,,,0,,,,,,,,,,0,,,,,,,,,,0,,,,,,,,,,0,,,,,,,,,,0,,,,,,,,,,0,,,,,,,,,,0,,,,,,,,,,0,,,,,,,,,,0,,,,,,,,,,0,,,,,,,,,,0,,,,,,,,,,0,,,,,,,,,,0,,,,,,,,,,0,,,,,,,,,,0,,,,,,,,,,0,,,,,,,,,,0,,,,,,,,,,0,,,,,,,,,,0,,,,,,,,,,0,,,,,,,,,,0,,,,,,,,,,0,,,,,,,,,,0,,,,,,,,,,0,,,,,,,,,,0,,,,,,,,,,0,,,,,,,,,,0,,,,,,,,,,0,,,,,,,,,,0,,,,,,,,,,0,,,,,,,,,,0,,,,,,,,,,0,,,,,,,,,,0,,,,,,,,,,0,,,,,,,,,,0,,,,,,,,,,0,,,,,,,,,,0,,,,,,,,,,0,,,,,,,,,
share_boost,0.5,,,,,,,,,,0.5,,,,,,,,,,0.5,,,,,,,,,,0.5,,,,,,,,,,0.5,,,,,,,,,,0.5,,,,,,,,,,0.5,,,,,,,,,,0.5,,,,,,,,,,0.5,,,,,,,,,,0.5,,,,,,,,,,0.5,,,,,,,,,,0.5,,,,,,,,,,0.5,,,,,,,,,,0.5,,,,,,,,,,0.5,,,,,,,,,,0.5,,,,,,,,,,0.5,,,,,,,,,,0.5,,,,,,,,,,0.5,,,,,,,,,,0.5,,,,,,,,,,0.5,,,,,,,,,,0.5,,,,,,,,,,0.5,,,,,,,,,,0.5,,,,,,,,,,0.5,,,,,,,,,,0.5,,,,,,,,,,0.5,,,,,,,,,,0.5,,,,,,,,,,0.5,,,,,,,,,,0.5,,,,,,,,,,0.5,,,,,,,,,,0.5,,,,,,,,,,0.5,,,,,,,,,,0.5,,,,,,,,,,0.5,,,,,,,,,,0.5,,,,,,,,,,0.5,,,,,,,,,,0.5,,,,,,,,,,0.5,,,,,,,,,,0.5,,,,,,,,,,0.5,,,,,,,,,,0.5,,,,,,,,,,0.5,,,,,,,,,,0.5,,,,,,,,,,0.5,,,,,,,,,,0.5,,,,,,,,,,0.5,,,,,,,,,,0.5,,,,,,,,,,0.5,,,,,,,,,,0.5,,,,,,,,,,0.5,,,,,,,,,,0.5,,,,,,,,,,0.5,,,,,,,,,,0.5,,,,,,,,,,0.5,,,,,,,,,,0.5,,,,,,,,,,0.5,,,,,,,,,,0.5,,,,,,,,,,0.5,,,,,,,,,,0.5,,,,,,,,,,0.5,,,,,,,,,,0.5,,,,,,,,,,0.5,,,,,,,,,,0.5,,,,,,,,,,0.5,,,,,,,,,,0.5,,,,,,,,,,0.5,,,,,,,,,,0.5,,,,,,,,,,0.5,,,,,,,,,,0.5,,,,,,,,,,0.5,,,,,,,,,,0.5,,,,,,,,,,0.5,,,,,,,,,,0.5,,,,,,,,,,0.5,,,,,,,,,,0.5,,,,,,,,,,0.5,,,,,,,,,,0.5,,,,,,,,,,0.5,,,,,,,,,,0.5,,,,,,,,,,0.5,,,,,,,,,,0.5,,,,,,,,,,0.5,,,,,,,,,,0.5,,,,,,,,,,0.5,,,,,,,,,,0.5,,,,,,,,,,0.5,,,,,,,,,,0.5,,,,,,,,,,0.5,,,,,,,,,,0.5,,,,,,,,,,0.5,,,,,,,,,,0.5,,,,,,,,,,0.5,,,,,,,,,,0.5,,,,,,,,,,0.5,,,,,,,,,,0.5,,,,,,,,,,0.5,,,,,,,,,,0.5,,,,,,,,,,0.5,,,,,,,,,,0.5,,,,,,,,,,0.5,,,,,,,,,,0.5,,,,,,,,,
share_decline,0,,,,,,,,,,0,,,,,,,,,,0,,,,,,,,,,0,,,,,,,,,,0,,,,,,,,,,0,,,,,,,,,,0,,,,,,,,,,0,,,,,,,,,,0,,,,,,,,,,0,,,,,,,,,,0,,,,,,,,,,0,,,,,,,,,,0,,,,,,,,,,0,,,,,,,,,,0,,,,,,,,,,0,,,,,,,,,,0,,,,,,,,,,0,,,,,,,,,,0,,,,,,,,,,0,,,,,,,,,,0,,,,,,,,,,0,,,,,,,,,,0,,,,,,,,,,0,,,,,,,,,,0,,,,,,,,,,0,,,,,,,,,,0,,,,,,,,,,0,,,,,,,,,,0,,,,,,,,,,0,,,,,,,,,,0,,,,,,,,,,0,,,,,,,,,,0,,,,,,,,,,0,,,,,,,,,,0,,,,,,,,,,0,,,,,,,,,,0,,,,,,,,,,0,,,,,,,,,,0,,,,,,,,,,0,,,,,,,,,,0,,,,,,,,,,0,,,,,,,,,,0,,,,,,,,,,0,,,,,,,,,,0,,,,,,,,,,0,,,,,,,,,,0,,,,,,,,,,0,,,,,,,,,,0,,,,,,,,,,0,,,,,,,,,,0,,,,,,,,,,0,,,,,,,,,,0,,,,,,,,,,0,,,,,,,,,,0,,,,,,,,,,0,,,,,,,,,,0,,,,,,,,,,0,,,,,,,,,,0,,,,,,,,,,0,,,,,,,,,,0,,,,,,,,,,0,,,,,,,,,,0,,,,,,,,,,0,,,,,,,,,,0,,,,,,,,,,0,,,,,,,,,,0,,,,,,,,,,0,,,,,,,,,,0,,,,,,,,,,0,,,,,,,,,,0,,,,,,,,,,0,,,,,,,,,,0,,,,,,,,,,0,,,,,,,,,,0,,,,,,,,,,0,,,,,,,,,,0,,,,,,,,,,0,,,,,,,,,,0,,,,,,,,,,0,,,,,,,,,,0,,,,,,,,,,0,,,,,,,,,,0,,,,,,,,,,0,,,,,,,,,,0,,,,,,,,,,0,,,,,,,,,,0,,,,,,,,,,0,,,,,,,,,,0,,,,,,,,,,0,,,,,,,,,,0,,,,,,,,,,0,,,,,,,,,,0,,,,,,,,,,0,,,,,,,,,,0,,,,,,,,,,0,,,,,,,,,,0,,,,,,,,,,0,,,,,,,,,,0,,,,,,,,,,0,,,,,,,,,,0,,,,,,,,,,0,,,,,,,,,
groom_give,5,,,,,,,,,,5,,,,,,,,,,5,,,,,,,,,,5,,,,,,,,,,5,,,,,,,,,,5,,,,,,,,,,5,,,,,,,,,,5,,,,,,,,,,5,,,,,,,,,,5,,,,,,,,,,5,,,,,,,,,,5,,,,,,,,,,5,,,,,,,,,,5,,,,,,,,,,5,,,,,,,,,,5,,,,,,,,,,5,,,,,,,,,,5,,,,,,,,,,5,,,,,,,,,,5,,,,,,,,,,5,,,,,,,,,,5,,,,,,,,,,5,,,,,,,,,,5,,,,,,,,,,5,,,,,,,,,,5,,,,,,,,,,5,,,,,,,,,,5,,,,,,,,,,5,,,,,,,,,,5,,,,,,,,,,5,,,,,,,,,,5,,,,,,,,,,5,,,,,,,,,,5,,,,,,,,,,5,,,,,,,,,,5,,,,,,,,,,5,,,,,,,,,,5,,,,,,,,,,5,,,,,,,,,,5,,,,,,,,,,5,,,,,,,,,,5,,,,,,,,,,5,,,,,,,,,,5,,,,,,,,,,5,,,,,,,,,,5,,,,,,,,,,5,,,,,,,,,,5,,,,,,,,,,5,,,,,,,,,,5,,,,,,,,,,5,,,,,,,,,,5,,,,,,,,,,5,,,,,,,,,,5,,,,,,,,,,5,,,,,,,,,,5,,,,,,,,,,5,,,,,,,,,,5,,,,,,,,,,5,,,,,,,,,,5,,,,,,,,,,5,,,,,,,,,,5,,,,,,,,,,5,,,,,,,,,,5,,,,,,,,,,5,,,,,,,,,,5,,,,,,,,,,5,,,,,,,,,,5,,,,,,,,,,5,,,,,,,,,,5,,,,,,,,,,5,,,,,,,,,,5,,,,,,,,,,5,,,,,,,,,,5,,,,,,,,,,5,,,,,,,,,,5,,,,,,,,,,5,,,,,,,,,,5,,,,,,,,,,5,,,,,,,,,,5,,,,,,,,,,5,,,,,,,,,,5,,,,,,,,,,5,,,,,,,,,,5,,,,,,,,,,5,,,,,,,,,,5,,,,,,,,,,5,,,,,,,,,,5,,,,,,,,,,5,,,,,,,,,,5,,,,,,,,,,5,,,,,,,,,,5,,,,,,,,,,5,,,,,,,,,,5,,,,,,,,,,5,,,,,,,,,,5,,,,,,,,,,5,,,,,,,,,,5,,,,,,,,,,5,,,,,,,,,,5,,,,,,,,,,5,,,,,,,,,,5,,,,,,,,,
donations,4,,,,,,,,,,4,,,,,,,,,,4,,,,,,,,,,4,,,,,,,,,,4,,,,,,,,,,4,,,,,,,,,,4,,,,,,,,,,4,,,,,,,,,,4,,,,,,,,,,4,,,,,,,,,,4,,,,,,,,,,4,,,,,,,,,,4,,,,,,,,,,4,,,,,,,,,,4,,,,,,,,,,4,,,,,,,,,,4,,,,,,,,,,4,,,,,,,,,,4,,,,,,,,,,4,,,,,,,,,,4,,,,,,,,,,4,,,,,,,,,,4,,,,,,,,,,4,,,,,,,,,,4,,,,,,,,,,4,,,,,,,,,,4,,,,,,,,,,4,,,,,,,,,,4,,,,,,,,,,4,,,,,,,,,,4,,,,,,,,,,4,,,,,,,,,,4,,,,,,,,,,4,,,,,,,,,,4,,,,,,,,,,4,,,,,,,,,,4,,,,,,,,,,4,,,,,,,,,,4,,,,,,,,,,4,,,,,,,,,,4,,,,,,,,,,4,,,,,,,,,,4,,,,,,,,,,4,,,,,,,,,,4,,,,,,,,,,4,,,,,,,,,,4,,,,,,,,,,4,,,,,,,,,,4,,,,,,,,,,4,,,,,,,,,,4,,,,,,,,,,4,,,,,,,,,,4,,,,,,,,,,4,,,,,,,,,,4,,,,,,,,,,4,,,,,,,,,,4,,,,,,,,,,4,,,,,,,,,,4,,,,,,,,,,4,,,,,,,,,,4,,,,,,,,,,4,,,,,,,,,,4,,,,,,,,,,4,,,,,,,,,,4,,,,,,,,,,4,,,,,,,,,,4,,,,,,,,,,4,,,,,,,,,,4,,,,,,,,,,4,,,,,,,,,,4,,,,,,,,,,4,,,,,,,,,,4,,,,,,,,,,4,,,,,,,,,,4,,,,,,,,,,4,,,,,,,,,,4,,,,,,,,,,4,,,,,,,,,,4,,,,,,,,,,4,,,,,,,,,,4,,,,,,,,,,4,,,,,,,,,,4,,,,,,,,,,4,,,,,,,,,,4,,,,,,,,,,4,,,,,,,,,,4,,,,,,,,,,4,,,,,,,,,,4,,,,,,,,,,4,,,,,,,,,,4,,,,,,,,,,4,,,,,,,,,,4,,,,,,,,,,4,,,,,,,,,,4,,,,,,,,,,4,,,,,,,,,,4,,,,,,,,,,4,,,,,,,,,,4,,,,,,,,,,4,,,,,,,,,,4,,,,,,,,,,4,,,,,,,,,
amount,0.5,,,,,,,,,,0.5,,,,,,,,,,0.5,,,,,,,,,,0.5,,,,,,,,,,0.5,,,,,,,,,,0.5,,,,,,,,,,0.5,,,,,,,,,,0.5,,,,,,,,,,0.5,,,,,,,,,,0.5,,,,,,,,,,0.5,,,,,,,,,,0.5,,,,,,,,,,0.5,,,,,,,,,,0.5,,,,,,,,,,0.5,,,,,,,,,,0.5,,,,,,,,,,0.5,,,,,,,,,,0.5,,,,,,,,,,0.5,,,,,,,,,,0.5,,,,,,,,,,0.5,,,,,,,,,,0.5,,,,,,,,,,0.5,,,,,,,,,,0.5,,,,,,,,,,0.5,,,,,,,,,,0.5,,,,,,,,,,0.5,,,,,,,,,,0.5,,,,,,,,,,0.5,,,,,,,,,,0.5,,,,,,,,,,0.5,,,,,,,,,,0.5,,,,,,,,,,0.5,,,,,,,,,,0.5,,,,,,,,,,0.5,,,,,,,,,,0.5,,,,,,,,,,0.5,,,,,,,,,,0.5,,,,,,,,,,0.5,,,,,,,,,,0.5,,,,,,,,,,0.5,,,,,,,,,,0.5,,,,,,,,,,0.5,,,,,,,,,,0.5,,,,,,,,,,0.5,,,,,,,,,,0.5,,,,,,,,,,0.5,,,,,,,,,,0.5,,,,,,,,,,0.5,,,,,,,,,,0.5,,,,,,,,,,0.5,,,,,,,,,,0.5,,,,,,,,,,0.5,,,,,,,,,,0.5,,,,,,,,,,0.5,,,,,,,,,,0.5,,,,,,,,,,0.5,,,,,,,,,,0.5,,,,,,,,,,0.5,,,,,,,,,,0.5,,,,,,,,,,0.5,,,,,,,,,,0.5,,,,,,,,,,0.5,,,,,,,,,,0.5,,,,,,,,,,0.5,,,,,,,,,,0.5,,,,,,,,,,0.5,,,,,,,,,,0.5,,,,,,,,,,0.5,,,,,,,,,,0.5,,,,,,,,,,0.5,,,,,,,,,,0.5,,,,,,,,,,0.5,,,,,,,,,,0.5,,,,,,,,,,0.5,,,,,,,,,,0.5,,,,,,,,,,0.5,,,,,,,,,,0.5,,,,,,,,,,0.5,,,,,,,,,,0.5,,,,,,,,,,0.5,,,,,,,,,,0.5,,,,,,,,,,0.5,,,,,,,,,,0.5,,,,,,,,,,0.5,,,,,,,,,,0.5,,,,,,,,,,0.5,,,,,,,,,,0.5,,,,,,,,,,0.5,,,,,,,,,,0.5,,,,,,,,,,0.5,,,,,,,,,,0.5,,,,,,,,,,0.5,,,,,,,,,,0.5,,,,,,,,,,0.5,,,,,,,,,,0.5,,,,,,,,,,0.5,,,,,,,,,,0.5,,,,,,,,,,0.5,,,,,,,,,,0.5,,,,,,,,,,0.5,,,,,,,,,,0.5,,,,,,,,,
strats,6,,,,,,,,,,6,,,,,,,,,,6,,,,,,,,,,6,,,,,,,,,,6,,,,,,,,,,6,,,,,,,,,,6,,,,,,,,,,6,,,,,,,,,,6,,,,,,,,,,6,,,,,,,,,,6,,,,,,,,,,6,,,,,,,,,,6,,,,,,,,,,6,,,,,,,,,,6,,,,,,,,,,6,,,,,,,,,,6,,,,,,,,,,6,,,,,,,,,,6,,,,,,,,,,6,,,,,,,,,,6,,,,,,,,,,6,,,,,,,,,,6,,,,,,,,,,6,,,,,,,,,,6,,,,,,,,,,6,,,,,,,,,,6,,,,,,,,,,6,,,,,,,,,,6,,,,,,,,,,6,,,,,,,,,,6,,,,,,,,,,6,,,,,,,,,,6,,,,,,,,,,6,,,,,,,,,,6,,,,,,,,,,6,,,,,,,,,,6,,,,,,,,,,6,,,,,,,,,,6,,,,,,,,,,6,,,,,,,,,,6,,,,,,,,,,6,,,,,,,,,,6,,,,,,,,,,6,,,,,,,,,,6,,,,,,,,,,6,,,,,,,,,,6,,,,,,,,,,6,,,,,,,,,,6,,,,,,,,,,6,,,,,,,,,,6,,,,,,,,,,6,,,,,,,,,,6,,,,,,,,,,6,,,,,,,,,,6,,,,,,,,,,6,,,,,,,,,,6,,,,,,,,,,6,,,,,,,,,,6,,,,,,,,,,6,,,,,,,,,,6,,,,,,,,,,6,,,,,,,,,,6,,,,,,,,,,6,,,,,,,,,,6,,,,,,,,,,6,,,,,,,,,,6,,,,,,,,,,6,,,,,,,,,,6,,,,,,,,,,6,,,,,,,,,,6,,,,,,,,,,6,,,,,,,,,,6,,,,,,,,,,6,,,,,,,,,,6,,,,,,,,,,6,,,,,,,,,,6,,,,,,,,,,6,,,,,,,,,,6,,,,,,,,,,6,,,,,,,,,,6,,,,,,,,,,6,,,,,,,,,,6,,,,,,,,,,6,,,,,,,,,,6,,,,,,,,,,6,,,,,,,,,,6,,,,,,,,,,6,,,,,,,,,,6,,,,,,,,,,6,,,,,,,,,,6,,,,,,,,,,6,,,,,,,,,,6,,,,,,,,,,6,,,,,,,,,,6,,,,,,,,,,6,,,,,,,,,,6,,,,,,,,,,6,,,,,,,,,,6,,,,,,,,,,6,,,,,,,,,,6,,,,,,,,,,6,,,,,,,,,
[total steps],72999,72999,72999,72999,72999,72999,72999,72999,72999,72999,72999,72999,72999,72999,72999,72999,72999,72999,72999,72999,33932,33932,33932,33932,33932,33932,33932,33932,33932,33932,72999,72999,72999,72999,72999,72999,72999,72999,72999,72999,14130,14130,14130,14130,14130,14130,14130,14130,14130,14130,37438,37438,37438,37438,37438,37438,37438,37438,37438,37438,72999,72999,72999,72999,72999,72999,72999,72999,72999,72999,8555,8555,8555,8555,8555,8555,8555,8555,8555,8555,72548,72548,72548,72548,72548,72548,72548,72548,72548,72548,72999,72999,72999,72999,72999,72999,72999,72999,72999,72999,12277,12277,12277,12277,12277,12277,12277,12277,12277,12277,9549,9549,9549,9549,9549,9549,9549,9549,9549,9549,18023,18023,18023,18023,18023,18023,18023,18023,18023,18023,14939,14939,14939,14939,14939,14939,14939,14939,14939,14939,14897,14897,14897,14897,14897,14897,14897,14897,14897,14897,44743,44743,44743,44743,44743,44743,44743,44743,44743,44743,8669,8669,8669,8669,8669,8669,8669,8669,8669,8669,72999,72999,72999,72999,72999,72999,72999,72999,72999,72999,8317,8317,8317,8317,8317,8317,8317,8317,8317,8317,11430,11430,11430,11430,11430,11430,11430,11430,11430,11430,12415,12415,12415,12415,12415,12415,12415,12415,12415,12415,5958,5958,5958,5958,5958,5958,5958,5958,5958,5958,12572,12572,12572,12572,12572,12572,12572,12572,12572,12572,14952,14952,14952,14952,14952,14952,14952,14952,14952,14952,20225,20225,20225,20225,20225,20225,20225,20225,20225,20225,17643,17643,17643,17643,17643,17643,17643,17643,17643,17643,24433,24433,24433,24433,24433,24433,24433,24433,24433,24433,13625,13625,13625,13625,13625,13625,13625,13625,13625,13625,28334,28334,28334,28334,28334,28334,28334,28334,28334,28334,55035,55035,55035,55035,55035,55035,55035,55035,55035,55035,33857,33857,33857,33857,33857,33857,33857,33857,33857,33857,8629,8629,8629,8629,8629,8629,8629,8629,8629,8629,10126,10126,10126,10126,10126,10126,10126,10126,10126,10126,39624,39624,39624,39624,39624,39624,39624,39624,39624,39624,8048,8048,8048,8048,8048,8048,8048,8048,8048,8048,49057,49057,49057,49057,49057,49057,49057,49057,49057,49057,15942,15942,15942,15942,15942,15942,15942,15942,15942,15942,26697,26697,26697,26697,26697,26697,26697,26697,26697,26697,29418,29418,29418,29418,29418,29418,29418,29418,29418,29418,41954,41954,41954,41954,41954,41954,41954,41954,41954,41954,25696,25696,25696,25696,25696,25696,25696,25696,25696,25696,72999,72999,72999,72999,72999,72999,72999,72999,72999,72999,31439,31439,31439,31439,31439,31439,31439,31439,31439,31439,26440,26440,26440,26440,26440,26440,26440,26440,26440,26440,72999,72999,72999,72999,72999,72999,72999,72999,72999,72999,6964,6964,6964,6964,6964,6964,6964,6964,6964,6964,23966,23966,23966,23966,23966,23966,23966,23966,23966,23966,72999,72999,72999,72999,72999,72999,72999,72999,72999,72999,36902,36902,36902,36902,36902,36902,36902,36902,36902,36902,28304,28304,28304,28304,28304,28304,28304,28304,28304,28304,35339,35339,35339,35339,35339,35339,35339,35339,35339,35339,13049,13049,13049,13049,13049,13049,13049,13049,13049,13049,25480,25480,25480,25480,25480,25480,25480,25480,25480,25480,9808,9808,9808,9808,9808,9808,9808,9808,9808,9808,12964,12964,12964,12964,12964,12964,12964,12964,12964,12964,7404,7404,7404,7404,7404,7404,7404,7404,7404,7404,61800,61800,61800,61800,61800,61800,61800,61800,61800,61800,19915,19915,19915,19915,19915,19915,19915,19915,19915,19915,37939,37939,37939,37939,37939,37939,37939,37939,37939,37939,9851,9851,9851,9851,9851,9851,9851,9851,9851,9851,18773,18773,18773,18773,18773,18773,18773,18773,18773,18773,12216,12216,12216,12216,12216,12216,12216,12216,12216,12216,26478,26478,26478,26478,26478,26478,26478,26478,26478,26478,30130,30130,30130,30130,30130,30130,30130,30130,30130,30130,45333,45333,45333,45333,45333,45333,45333,45333,45333,45333,12942,12942,12942,12942,12942,12942,12942,12942,12942,12942,26692,26692,26692,26692,26692,26692,26692,26692,26692,26692,12234,12234,12234,12234,12234,12234,12234,12234,12234,12234,10521,10521,10521,10521,10521,10521,10521,10521,10521,10521,16153,16153,16153,16153,16153,16153,16153,16153,16153,16153,18906,18906,18906,18906,18906,18906,18906,18906,18906,18906,19322,19322,19322,19322,19322,19322,19322,19322,19322,19322,9721,9721,9721,9721,9721,9721,9721,9721,9721,9721,47468,47468,47468,47468,47468,47468,47468,47468,47468,47468,52195,52195,52195,52195,52195,52195,52195,52195,52195,52195,27064,27064,27064,27064,27064,27064,27064,27064,27064,27064,72999,72999,72999,72999,72999,72999,72999,72999,72999,72999,71371,71371,71371,71371,71371,71371,71371,71371,71371,71371,8821,8821,8821,8821,8821,8821,8821,8821,8821,8821,17204,17204,17204,17204,17204,17204,17204,17204,17204,17204,9336,9336,9336,9336,9336,9336,9336,9336,9336,9336,72999,72999,72999,72999,72999,72999,72999,72999,72999,72999,28147,28147,28147,28147,28147,28147,28147,28147,28147,28147,72999,72999,72999,72999,72999,72999,72999,72999,72999,72999,15109,15109,15109,15109,15109,15109,15109,15109,15109,15109,7757,7757,7757,7757,7757,7757,7757,7757,7757,7757,72999,72999,72999,72999,72999,72999,72999,72999,72999,72999,72999,72999,72999,72999,72999,72999,72999,72999,72999,72999,33713,33713,33713,33713,33713,33713,33713,33713,33713,33713,72999,72999,72999,72999,72999,72999,72999,72999,72999,72999,11992,11992,11992,11992,11992,11992,11992,11992,11992,11992,24501,24501,24501,24501,24501,24501,24501,24501,24501,24501,40832,40832,40832,40832,40832,40832,40832,40832,40832,40832,23244,23244,23244,23244,23244,23244,23244,23244,23244,23244,7121,7121,7121,7121,7121,7121,7121,7121,7121,7121,72999,72999,72999,72999,72999,72999,72999,72999,72999,72999,32626,32626,32626,32626,32626,32626,32626,32626,32626,32626,58606,58606,58606,58606,58606,58606,58606,58606,58606,58606,16036,16036,16036,16036,16036,16036,16036,16036,16036,16036,72999,72999,72999,72999,72999,72999,72999,72999,72999,72999,40171,40171,40171,40171,40171,40171,40171,40171,40171,40171,34223,34223,34223,34223,34223,34223,34223,34223,34223,34223
,,,,,,,,,,,,,,,,,,,,,,,,,,,,,,,,,,,,,,,,,,,,,,,,,,,,,,,,,,,,,,,,,,,,,,,,,,,,,,,,,,,,,,,,,,,,,,,,,,,,,,,,,,,,,,,,,,,,,,,,,,,,,,,,,,,,,,,,,,,,,,,,,,,,,,,,,,,,,,,,,,,,,,,,,,,,,,,,,,,,,,,,,,,,,,,,,,,,,,,,,,,,,,,,,,,,,,,,,,,,,,,,,,,,,,,,,,,,,,,,,,,,,,,,,,,,,,,,,,,,,,,,,,,,,,,,,,,,,,,,,,,,,,,,,,,,,,,,,,,,,,,,,,,,,,,,,,,,,,,,,,,,,,,,,,,,,,,,,,,,,,,,,,,,,,,,,,,,,,,,,,,,,,,,,,,,,,,,,,,,,,,,,,,,,,,,,,,,,,,,,,,,,,,,,,,,,,,,,,,,,,,,,,,,,,,,,,,,,,,,,,,,,,,,,,,,,,,,,,,,,,,,,,,,,,,,,,,,,,,,,,,,,,,,,,,,,,,,,,,,,,,,,,,,,,,,,,,,,,,,,,,,,,,,,,,,,,,,,,,,,,,,,,,,,,,,,,,,,,,,,,,,,,,,,,,,,,,,,,,,,,,,,,,,,,,,,,,,,,,,,,,,,,,,,,,,,,,,,,,,,,,,,,,,,,,,,,,,,,,,,,,,,,,,,,,,,,,,,,,,,,,,,,,,,,,,,,,,,,,,,,,,,,,,,,,,,,,,,,,,,,,,,,,,,,,,,,,,,,,,,,,,,,,,,,,,,,,,,,,,,,,,,,,,,,,,,,,,,,,,,,,,,,,,,,,,,,,,,,,,,,,,,,,,,,,,,,,,,,,,,,,,,,,,,,,,,,,,,,,,,,,,,,,,,,,,,,,,,,,,,,,,,,,,,,,,,,,,,,,,,,,,,,,,,,,,,,,,,,,,,,,,,,,,,,,,,,,,,,,,,,,,,,,,,,,,,,,,,,,,,,,,,,,,,,,,,,,,,,,,,,,,,,,,,,,,,,,,,,,,,,,,,,,,,,,,,,,,,,,,,,,,,,,,,,,,,,,,,,,,,,,,,,,,,,,,,,,,,,,,
[final value],[step],count turtles with [color = pink],count turtles with [color = magenta],count turtles with [color = violet],count turtles with [color = blue],count turtles with [color = green],count turtles with [color = yellow],pop-bust,mean-roost-switching-rate,mean-mean-persistence,[step],count turtles with [color = pink],count turtles with [color = magenta],count turtles with [color = violet],count turtles with [color = blue],count turtles with [color = green],count turtles with [color = yellow],pop-bust,mean-roost-switching-rate,mean-mean-persistence,[step],count turtles with [color = pink],count turtles with [color = magenta],count turtles with [color = violet],count turtles with [color = blue],count turtles with [color = green],count turtles with [color = yellow],pop-bust,mean-roost-switching-rate,mean-mean-persistence,[step],count turtles with [color = pink],count turtles with [color = magenta],count turtles with [color = violet],count turtles with [color = blue],count turtles with [color = green],count turtles with [color = yellow],pop-bust,mean-roost-switching-rate,mean-mean-persistence,[step],count turtles with [color = pink],count turtles with [color = magenta],count turtles with [color = violet],count turtles with [color = blue],count turtles with [color = green],count turtles with [color = yellow],pop-bust,mean-roost-switching-rate,mean-mean-persistence,[step],count turtles with [color = pink],count turtles with [color = magenta],count turtles with [color = violet],count turtles with [color = blue],count turtles with [color = green],count turtles with [color = yellow],pop-bust,mean-roost-switching-rate,mean-mean-persistence,[step],count turtles with [color = pink],count turtles with [color = magenta],count turtles with [color = violet],count turtles with [color = blue],count turtles with [color = green],count turtles with [color = yellow],pop-bust,mean-roost-switching-rate,mean-mean-persistence,[step],count turtles with [color = pink],count turtles with [color = magenta],count turtles with [color = violet],count turtles with [color = blue],count turtles with [color = green],count turtles with [color = yellow],pop-bust,mean-roost-switching-rate,mean-mean-persistence,[step],count turtles with [color = pink],count turtles with [color = magenta],count turtles with [color = violet],count turtles with [color = blue],count turtles with [color = green],count turtles with [color = yellow],pop-bust,mean-roost-switching-rate,mean-mean-persistence,[step],count turtles with [color = pink],count turtles with [color = magenta],count turtles with [color = violet],count turtles with [color = blue],count turtles with [color = green],count turtles with [color = yellow],pop-bust,mean-roost-switching-rate,mean-mean-persistence,[step],count turtles with [color = pink],count turtles with [color = magenta],count turtles with [color = violet],count turtles with [color = blue],count turtles with [color = green],count turtles with [color = yellow],pop-bust,mean-roost-switching-rate,mean-mean-persistence,[step],count turtles with [color = pink],count turtles with [color = magenta],count turtles with [color = violet],count turtles with [color = blue],count turtles with [color = green],count turtles with [color = yellow],pop-bust,mean-roost-switching-rate,mean-mean-persistence,[step],count turtles with [color = pink],count turtles with [color = magenta],count turtles with [color = violet],count turtles with [color = blue],count turtles with [color = green],count turtles with [color = yellow],pop-bust,mean-roost-switching-rate,mean-mean-persistence,[step],count turtles with [color = pink],count turtles with [color = magenta],count turtles with [color = violet],count turtles with [color = blue],count turtles with [color = green],count turtles with [color = yellow],pop-bust,mean-roost-switching-rate,mean-mean-persistence,[step],count turtles with [color = pink],count turtles with [color = magenta],count turtles with [color = violet],count turtles with [color = blue],count turtles with [color = green],count turtles with [color = yellow],pop-bust,mean-roost-switching-rate,mean-mean-persistence,[step],count turtles with [color = pink],count turtles with [color = magenta],count turtles with [color = violet],count turtles with [color = blue],count turtles with [color = green],count turtles with [color = yellow],pop-bust,mean-roost-switching-rate,mean-mean-persistence,[step],count turtles with [color = pink],count turtles with [color = magenta],count turtles with [color = violet],count turtles with [color = blue],count turtles with [color = green],count turtles with [color = yellow],pop-bust,mean-roost-switching-rate,mean-mean-persistence,[step],count turtles with [color = pink],count turtles with [color = magenta],count turtles with [color = violet],count turtles with [color = blue],count turtles with [color = green],count turtles with [color = yellow],pop-bust,mean-roost-switching-rate,mean-mean-persistence,[step],count turtles with [color = pink],count turtles with [color = magenta],count turtles with [color = violet],count turtles with [color = blue],count turtles with [color = green],count turtles with [color = yellow],pop-bust,mean-roost-switching-rate,mean-mean-persistence,[step],count turtles with [color = pink],count turtles with [color = magenta],count turtles with [color = violet],count turtles with [color = blue],count turtles with [color = green],count turtles with [color = yellow],pop-bust,mean-roost-switching-rate,mean-mean-persistence,[step],count turtles with [color = pink],count turtles with [color = magenta],count turtles with [color = violet],count turtles with [color = blue],count turtles with [color = green],count turtles with [color = yellow],pop-bust,mean-roost-switching-rate,mean-mean-persistence,[step],count turtles with [color = pink],count turtles with [color = magenta],count turtles with [color = violet],count turtles with [color = blue],count turtles with [color = green],count turtles with [color = yellow],pop-bust,mean-roost-switching-rate,mean-mean-persistence,[step],count turtles with [color = pink],count turtles with [color = magenta],count turtles with [color = violet],count turtles with [color = blue],count turtles with [color = green],count turtles with [color = yellow],pop-bust,mean-roost-switching-rate,mean-mean-persistence,[step],count turtles with [color = pink],count turtles with [color = magenta],count turtles with [color = violet],count turtles with [color = blue],count turtles with [color = green],count turtles with [color = yellow],pop-bust,mean-roost-switching-rate,mean-mean-persistence,[step],count turtles with [color = pink],count turtles with [color = magenta],count turtles with [color = violet],count turtles with [color = blue],count turtles with [color = green],count turtles with [color = yellow],pop-bust,mean-roost-switching-rate,mean-mean-persistence,[step],count turtles with [color = pink],count turtles with [color = magenta],count turtles with [color = violet],count turtles with [color = blue],count turtles with [color = green],count turtles with [color = yellow],pop-bust,mean-roost-switching-rate,mean-mean-persistence,[step],count turtles with [color = pink],count turtles with [color = magenta],count turtles with [color = violet],count turtles with [color = blue],count turtles with [color = green],count turtles with [color = yellow],pop-bust,mean-roost-switching-rate,mean-mean-persistence,[step],count turtles with [color = pink],count turtles with [color = magenta],count turtles with [color = violet],count turtles with [color = blue],count turtles with [color = green],count turtles with [color = yellow],pop-bust,mean-roost-switching-rate,mean-mean-persistence,[step],count turtles with [color = pink],count turtles with [color = magenta],count turtles with [color = violet],count turtles with [color = blue],count turtles with [color = green],count turtles with [color = yellow],pop-bust,mean-roost-switching-rate,mean-mean-persistence,[step],count turtles with [color = pink],count turtles with [color = magenta],count turtles with [color = violet],count turtles with [color = blue],count turtles with [color = green],count turtles with [color = yellow],pop-bust,mean-roost-switching-rate,mean-mean-persistence,[step],count turtles with [color = pink],count turtles with [color = magenta],count turtles with [color = violet],count turtles with [color = blue],count turtles with [color = green],count turtles with [color = yellow],pop-bust,mean-roost-switching-rate,mean-mean-persistence,[step],count turtles with [color = pink],count turtles with [color = magenta],count turtles with [color = violet],count turtles with [color = blue],count turtles with [color = green],count turtles with [color = yellow],pop-bust,mean-roost-switching-rate,mean-mean-persistence,[step],count turtles with [color = pink],count turtles with [color = magenta],count turtles with [color = violet],count turtles with [color = blue],count turtles with [color = green],count turtles with [color = yellow],pop-bust,mean-roost-switching-rate,mean-mean-persistence,[step],count turtles with [color = pink],count turtles with [color = magenta],count turtles with [color = violet],count turtles with [color = blue],count turtles with [color = green],count turtles with [color = yellow],pop-bust,mean-roost-switching-rate,mean-mean-persistence,[step],count turtles with [color = pink],count turtles with [color = magenta],count turtles with [color = violet],count turtles with [color = blue],count turtles with [color = green],count turtles with [color = yellow],pop-bust,mean-roost-switching-rate,mean-mean-persistence,[step],count turtles with [color = pink],count turtles with [color = magenta],count turtles with [color = violet],count turtles with [color = blue],count turtles with [color = green],count turtles with [color = yellow],pop-bust,mean-roost-switching-rate,mean-mean-persistence,[step],count turtles with [color = pink],count turtles with [color = magenta],count turtles with [color = violet],count turtles with [color = blue],count turtles with [color = green],count turtles with [color = yellow],pop-bust,mean-roost-switching-rate,mean-mean-persistence,[step],count turtles with [color = pink],count turtles with [color = magenta],count turtles with [color = violet],count turtles with [color = blue],count turtles with [color = green],count turtles with [color = yellow],pop-bust,mean-roost-switching-rate,mean-mean-persistence,[step],count turtles with [color = pink],count turtles with [color = magenta],count turtles with [color = violet],count turtles with [color = blue],count turtles with [color = green],count turtles with [color = yellow],pop-bust,mean-roost-switching-rate,mean-mean-persistence,[step],count turtles with [color = pink],count turtles with [color = magenta],count turtles with [color = violet],count turtles with [color = blue],count turtles with [color = green],count turtles with [color = yellow],pop-bust,mean-roost-switching-rate,mean-mean-persistence,[step],count turtles with [color = pink],count turtles with [color = magenta],count turtles with [color = violet],count turtles with [color = blue],count turtles with [color = green],count turtles with [color = yellow],pop-bust,mean-roost-switching-rate,mean-mean-persistence,[step],count turtles with [color = pink],count turtles with [color = magenta],count turtles with [color = violet],count turtles with [color = blue],count turtles with [color = green],count turtles with [color = yellow],pop-bust,mean-roost-switching-rate,mean-mean-persistence,[step],count turtles with [color = pink],count turtles with [color = magenta],count turtles with [color = violet],count turtles with [color = blue],count turtles with [color = green],count turtles with [color = yellow],pop-bust,mean-roost-switching-rate,mean-mean-persistence,[step],count turtles with [color = pink],count turtles with [color = magenta],count turtles with [color = violet],count turtles with [color = blue],count turtles with [color = green],count turtles with [color = yellow],pop-bust,mean-roost-switching-rate,mean-mean-persistence,[step],count turtles with [color = pink],count turtles with [color = magenta],count turtles with [color = violet],count turtles with [color = blue],count turtles with [color = green],count turtles with [color = yellow],pop-bust,mean-roost-switching-rate,mean-mean-persistence,[step],count turtles with [color = pink],count turtles with [color = magenta],count turtles with [color = violet],count turtles with [color = blue],count turtles with [color = green],count turtles with [color = yellow],pop-bust,mean-roost-switching-rate,mean-mean-persistence,[step],count turtles with [color = pink],count turtles with [color = magenta],count turtles with [color = violet],count turtles with [color = blue],count turtles with [color = green],count turtles with [color = yellow],pop-bust,mean-roost-switching-rate,mean-mean-persistence,[step],count turtles with [color = pink],count turtles with [color = magenta],count turtles with [color = violet],count turtles with [color = blue],count turtles with [color = green],count turtles with [color = yellow],pop-bust,mean-roost-switching-rate,mean-mean-persistence,[step],count turtles with [color = pink],count turtles with [color = magenta],count turtles with [color = violet],count turtles with [color = blue],count turtles with [color = green],count turtles with [color = yellow],pop-bust,mean-roost-switching-rate,mean-mean-persistence,[step],count turtles with [color = pink],count turtles with [color = magenta],count turtles with [color = violet],count turtles with [color = blue],count turtles with [color = green],count turtles with [color = yellow],pop-bust,mean-roost-switching-rate,mean-mean-persistence,[step],count turtles with [color = pink],count turtles with [color = magenta],count turtles with [color = violet],count turtles with [color = blue],count turtles with [color = green],count turtles with [color = yellow],pop-bust,mean-roost-switching-rate,mean-mean-persistence,[step],count turtles with [color = pink],count turtles with [color = magenta],count turtles with [color = violet],count turtles with [color = blue],count turtles with [color = green],count turtles with [color = yellow],pop-bust,mean-roost-switching-rate,mean-mean-persistence,[step],count turtles with [color = pink],count turtles with [color = magenta],count turtles with [color = violet],count turtles with [color = blue],count turtles with [color = green],count turtles with [color = yellow],pop-bust,mean-roost-switching-rate,mean-mean-persistence,[step],count turtles with [color = pink],count turtles with [color = magenta],count turtles with [color = violet],count turtles with [color = blue],count turtles with [color = green],count turtles with [color = yellow],pop-bust,mean-roost-switching-rate,mean-mean-persistence,[step],count turtles with [color = pink],count turtles with [color = magenta],count turtles with [color = violet],count turtles with [color = blue],count turtles with [color = green],count turtles with [color = yellow],pop-bust,mean-roost-switching-rate,mean-mean-persistence,[step],count turtles with [color = pink],count turtles with [color = magenta],count turtles with [color = violet],count turtles with [color = blue],count turtles with [color = green],count turtles with [color = yellow],pop-bust,mean-roost-switching-rate,mean-mean-persistence,[step],count turtles with [color = pink],count turtles with [color = magenta],count turtles with [color = violet],count turtles with [color = blue],count turtles with [color = green],count turtles with [color = yellow],pop-bust,mean-roost-switching-rate,mean-mean-persistence,[step],count turtles with [color = pink],count turtles with [color = magenta],count turtles with [color = violet],count turtles with [color = blue],count turtles with [color = green],count turtles with [color = yellow],pop-bust,mean-roost-switching-rate,mean-mean-persistence,[step],count turtles with [color = pink],count turtles with [color = magenta],count turtles with [color = violet],count turtles with [color = blue],count turtles with [color = green],count turtles with [color = yellow],pop-bust,mean-roost-switching-rate,mean-mean-persistence,[step],count turtles with [color = pink],count turtles with [color = magenta],count turtles with [color = violet],count turtles with [color = blue],count turtles with [color = green],count turtles with [color = yellow],pop-bust,mean-roost-switching-rate,mean-mean-persistence,[step],count turtles with [color = pink],count turtles with [color = magenta],count turtles with [color = violet],count turtles with [color = blue],count turtles with [color = green],count turtles with [color = yellow],pop-bust,mean-roost-switching-rate,mean-mean-persistence,[step],count turtles with [color = pink],count turtles with [color = magenta],count turtles with [color = violet],count turtles with [color = blue],count turtles with [color = green],count turtles with [color = yellow],pop-bust,mean-roost-switching-rate,mean-mean-persistence,[step],count turtles with [color = pink],count turtles with [color = magenta],count turtles with [color = violet],count turtles with [color = blue],count turtles with [color = green],count turtles with [color = yellow],pop-bust,mean-roost-switching-rate,mean-mean-persistence,[step],count turtles with [color = pink],count turtles with [color = magenta],count turtles with [color = violet],count turtles with [color = blue],count turtles with [color = green],count turtles with [color = yellow],pop-bust,mean-roost-switching-rate,mean-mean-persistence,[step],count turtles with [color = pink],count turtles with [color = magenta],count turtles with [color = violet],count turtles with [color = blue],count turtles with [color = green],count turtles with [color = yellow],pop-bust,mean-roost-switching-rate,mean-mean-persistence,[step],count turtles with [color = pink],count turtles with [color = magenta],count turtles with [color = violet],count turtles with [color = blue],count turtles with [color = green],count turtles with [color = yellow],pop-bust,mean-roost-switching-rate,mean-mean-persistence,[step],count turtles with [color = pink],count turtles with [color = magenta],count turtles with [color = violet],count turtles with [color = blue],count turtles with [color = green],count turtles with [color = yellow],pop-bust,mean-roost-switching-rate,mean-mean-persistence,[step],count turtles with [color = pink],count turtles with [color = magenta],count turtles with [color = violet],count turtles with [color = blue],count turtles with [color = green],count turtles with [color = yellow],pop-bust,mean-roost-switching-rate,mean-mean-persistence,[step],count turtles with [color = pink],count turtles with [color = magenta],count turtles with [color = violet],count turtles with [color = blue],count turtles with [color = green],count turtles with [color = yellow],pop-bust,mean-roost-switching-rate,mean-mean-persistence,[step],count turtles with [color = pink],count turtles with [color = magenta],count turtles with [color = violet],count turtles with [color = blue],count turtles with [color = green],count turtles with [color = yellow],pop-bust,mean-roost-switching-rate,mean-mean-persistence,[step],count turtles with [color = pink],count turtles with [color = magenta],count turtles with [color = violet],count turtles with [color = blue],count turtles with [color = green],count turtles with [color = yellow],pop-bust,mean-roost-switching-rate,mean-mean-persistence,[step],count turtles with [color = pink],count turtles with [color = magenta],count turtles with [color = violet],count turtles with [color = blue],count turtles with [color = green],count turtles with [color = yellow],pop-bust,mean-roost-switching-rate,mean-mean-persistence,[step],count turtles with [color = pink],count turtles with [color = magenta],count turtles with [color = violet],count turtles with [color = blue],count turtles with [color = green],count turtles with [color = yellow],pop-bust,mean-roost-switching-rate,mean-mean-persistence,[step],count turtles with [color = pink],count turtles with [color = magenta],count turtles with [color = violet],count turtles with [color = blue],count turtles with [color = green],count turtles with [color = yellow],pop-bust,mean-roost-switching-rate,mean-mean-persistence,[step],count turtles with [color = pink],count turtles with [color = magenta],count turtles with [color = violet],count turtles with [color = blue],count turtles with [color = green],count turtles with [color = yellow],pop-bust,mean-roost-switching-rate,mean-mean-persistence,[step],count turtles with [color = pink],count turtles with [color = magenta],count turtles with [color = violet],count turtles with [color = blue],count turtles with [color = green],count turtles with [color = yellow],pop-bust,mean-roost-switching-rate,mean-mean-persistence,[step],count turtles with [color = pink],count turtles with [color = magenta],count turtles with [color = violet],count turtles with [color = blue],count turtles with [color = green],count turtles with [color = yellow],pop-bust,mean-roost-switching-rate,mean-mean-persistence,[step],count turtles with [color = pink],count turtles with [color = magenta],count turtles with [color = violet],count turtles with [color = blue],count turtles with [color = green],count turtles with [color = yellow],pop-bust,mean-roost-switching-rate,mean-mean-persistence,[step],count turtles with [color = pink],count turtles with [color = magenta],count turtles with [color = violet],count turtles with [color = blue],count turtles with [color = green],count turtles with [color = yellow],pop-bust,mean-roost-switching-rate,mean-mean-persistence,[step],count turtles with [color = pink],count turtles with [color = magenta],count turtles with [color = violet],count turtles with [color = blue],count turtles with [color = green],count turtles with [color = yellow],pop-bust,mean-roost-switching-rate,mean-mean-persistence,[step],count turtles with [color = pink],count turtles with [color = magenta],count turtles with [color = violet],count turtles with [color = blue],count turtles with [color = green],count turtles with [color = yellow],pop-bust,mean-roost-switching-rate,mean-mean-persistence,[step],count turtles with [color = pink],count turtles with [color = magenta],count turtles with [color = violet],count turtles with [color = blue],count turtles with [color = green],count turtles with [color = yellow],pop-bust,mean-roost-switching-rate,mean-mean-persistence,[step],count turtles with [color = pink],count turtles with [color = magenta],count turtles with [color = violet],count turtles with [color = blue],count turtles with [color = green],count turtles with [color = yellow],pop-bust,mean-roost-switching-rate,mean-mean-persistence,[step],count turtles with [color = pink],count turtles with [color = magenta],count turtles with [color = violet],count turtles with [color = blue],count turtles with [color = green],count turtles with [color = yellow],pop-bust,mean-roost-switching-rate,mean-mean-persistence,[step],count turtles with [color = pink],count turtles with [color = magenta],count turtles with [color = violet],count turtles with [color = blue],count turtles with [color = green],count turtles with [color = yellow],pop-bust,mean-roost-switching-rate,mean-mean-persistence,[step],count turtles with [color = pink],count turtles with [color = magenta],count turtles with [color = violet],count turtles with [color = blue],count turtles with [color = green],count turtles with [color = yellow],pop-bust,mean-roost-switching-rate,mean-mean-persistence,[step],count turtles with [color = pink],count turtles with [color = magenta],count turtles with [color = violet],count turtles with [color = blue],count turtles with [color = green],count turtles with [color = yellow],pop-bust,mean-roost-switching-rate,mean-mean-persistence,[step],count turtles with [color = pink],count turtles with [color = magenta],count turtles with [color = violet],count turtles with [color = blue],count turtles with [color = green],count turtles with [color = yellow],pop-bust,mean-roost-switching-rate,mean-mean-persistence,[step],count turtles with [color = pink],count turtles with [color = magenta],count turtles with [color = violet],count turtles with [color = blue],count turtles with [color = green],count turtles with [color = yellow],pop-bust,mean-roost-switching-rate,mean-mean-persistence,[step],count turtles with [color = pink],count turtles with [color = magenta],count turtles with [color = violet],count turtles with [color = blue],count turtles with [color = green],count turtles with [color = yellow],pop-bust,mean-roost-switching-rate,mean-mean-persistence,[step],count turtles with [color = pink],count turtles with [color = magenta],count turtles with [color = violet],count turtles with [color = blue],count turtles with [color = green],count turtles with [color = yellow],pop-bust,mean-roost-switching-rate,mean-mean-persistence,[step],count turtles with [color = pink],count turtles with [color = magenta],count turtles with [color = violet],count turtles with [color = blue],count turtles with [color = green],count turtles with [color = yellow],pop-bust,mean-roost-switching-rate,mean-mean-persistence,[step],count turtles with [color = pink],count turtles with [color = magenta],count turtles with [color = violet],count turtles with [color = blue],count turtles with [color = green],count turtles with [color = yellow],pop-bust,mean-roost-switching-rate,mean-mean-persistence,[step],count turtles with [color = pink],count turtles with [color = magenta],count turtles with [color = violet],count turtles with [color = blue],count turtles with [color = green],count turtles with [color = yellow],pop-bust,mean-roost-switching-rate,mean-mean-persistence,[step],count turtles with [color = pink],count turtles with [color = magenta],count turtles with [color = violet],count turtles with [color = blue],count turtles with [color = green],count turtles with [color = yellow],pop-bust,mean-roost-switching-rate,mean-mean-persistence,[step],count turtles with [color = pink],count turtles with [color = magenta],count turtles with [color = violet],count turtles with [color = blue],count turtles with [color = green],count turtles with [color = yellow],pop-bust,mean-roost-switching-rate,mean-mean-persistence,[step],count turtles with [color = pink],count turtles with [color = magenta],count turtles with [color = violet],count turtles with [color = blue],count turtles with [color = green],count turtles with [color = yellow],pop-bust,mean-roost-switching-rate,mean-mean-persistence,[step],count turtles with [color = pink],count turtles with [color = magenta],count turtles with [color = violet],count turtles with [color = blue],count turtles with [color = green],count turtles with [color = yellow],pop-bust,mean-roost-switching-rate,mean-mean-persistence,[step],count turtles with [color = pink],count turtles with [color = magenta],count turtles with [color = violet],count turtles with [color = blue],count turtles with [color = green],count turtles with [color = yellow],pop-bust,mean-roost-switching-rate,mean-mean-persistence,[step],count turtles with [color = pink],count turtles with [color = magenta],count turtles with [color = violet],count turtles with [color = blue],count turtles with [color = green],count turtles with [color = yellow],pop-bust,mean-roost-switching-rate,mean-mean-persistence,[step],count turtles with [color = pink],count turtles with [color = magenta],count turtles with [color = violet],count turtles with [color = blue],count turtles with [color = green],count turtles with [color = yellow],pop-bust,mean-roost-switching-rate,mean-mean-persistence,[step],count turtles with [color = pink],count turtles with [color = magenta],count turtles with [color = violet],count turtles with [color = blue],count turtles with [color = green],count turtles with [color = yellow],pop-bust,mean-roost-switching-rate,mean-mean-persistence
,72999,0,0,0,14,0,92,TRUE,0.006870014,0.987554551,72999,0,0,0,0,80,0,FALSE,0.010127555,0.984006456,33932,0,0,0,0,0,0,FALSE,0.010331089,0.956559923,72999,0,0,0,0,11,0,FALSE,0.007070116,0.982111677,14130,0,0,0,0,0,0,FALSE,0.002769319,0.89818013,37438,0,0,0,0,0,0,FALSE,0.025023621,0.965484172,72999,0,0,0,50,0,0,FALSE,0.010786969,0.98134159,8555,0,0,0,0,0,0,FALSE,0.001771984,0.830180811,72548,0,0,0,0,0,0,FALSE,0.009942023,0.964927311,72999,0,44,0,0,0,0,FALSE,0.014463302,0.983053651,12277,0,0,0,0,0,0,FALSE,0.012475483,0.970031237,9549,0,0,0,0,0,0,FALSE,0.00123782,0.942038619,18023,0,0,0,0,0,0,FALSE,0.006728083,0.967720015,14939,0,0,0,0,0,0,FALSE,0.026752133,0.938456782,14897,0,0,0,0,0,0,FALSE,0.003717462,0.942212568,44743,0,0,0,0,0,0,FALSE,0.010890181,0.970075847,8669,0,0,0,0,0,0,FALSE,0.002156993,0.897740567,72999,0,0,0,39,0,0,FALSE,0.014801535,0.982462593,8317,0,0,0,0,0,0,FALSE,0.003205629,0.942147953,11430,0,0,0,0,0,0,FALSE,0.001063756,0.922247446,12415,0,0,0,0,0,0,FALSE,0.004519357,0.976153774,5958,0,0,0,0,0,0,FALSE,8.49E-04,0.91364836,12572,0,0,0,0,0,0,FALSE,0.003605244,0.956764322,14952,0,0,0,0,0,0,FALSE,0.005140963,0.967653294,20225,0,0,0,0,0,0,FALSE,0.004430579,0.925788811,17643,0,0,0,0,0,0,FALSE,0.009557613,0.92930054,24433,0,0,0,0,0,0,FALSE,0.014352894,0.964145097,13625,0,0,0,0,0,0,FALSE,0.031476897,0.917843918,28334,0,0,0,0,0,0,FALSE,0.018211677,0.952814687,55035,0,0,0,0,0,0,FALSE,0.042842656,0.955149361,33857,0,0,0,0,0,0,FALSE,0.02997125,0.937414045,8629,0,0,0,0,0,0,FALSE,0.004499859,0.901769161,10126,0,0,0,0,0,0,FALSE,0.001453948,0.905471403,39624,0,0,0,0,0,0,FALSE,0.018398046,0.976018178,8048,0,0,0,0,0,0,FALSE,0.00219918,0.939096601,49057,0,0,0,0,0,0,FALSE,0.015674127,0.969656244,15942,0,0,0,0,0,0,FALSE,0.012474534,0.947698106,26697,0,0,0,0,0,0,FALSE,0.016494368,0.90783657,29418,0,0,0,0,0,0,FALSE,0.024843569,0.952292934,41954,0,0,0,0,0,0,FALSE,0.045526151,0.928398659,25696,0,0,0,0,0,0,FALSE,0.060348612,0.940925321,72999,0,0,0,56,0,0,FALSE,0.019456623,0.975671352,31439,0,0,0,0,0,0,FALSE,0.0102446,0.939618063,26440,0,0,0,0,0,0,FALSE,0.038181058,0.944150818,72999,0,0,0,37,0,0,FALSE,0.022984295,0.978280551,6964,0,0,0,0,0,0,FALSE,0.002857488,0.901684762,23966,0,0,0,0,0,0,FALSE,0.027776775,0.958882844,72999,0,0,24,0,0,0,FALSE,0.031896332,0.96281434,36902,0,0,0,0,0,0,FALSE,0.022447021,0.961472916,28304,0,0,0,0,0,0,FALSE,0.020760229,0.946505514,35339,0,0,0,0,0,0,FALSE,0.032742836,0.958352849,13049,0,0,0,0,0,0,FALSE,0.017153168,0.955754559,25480,0,0,0,0,0,0,FALSE,0.034346984,0.936864865,9808,0,0,0,0,0,0,FALSE,0.004701462,0.939960689,12964,0,0,0,0,0,0,FALSE,0.032799517,0.964645179,7404,0,0,0,0,0,0,FALSE,0.004522807,0.94174753,61800,0,0,0,0,0,0,FALSE,0.038397582,0.95163022,19915,0,0,0,0,0,0,FALSE,0.038840576,0.897332312,37939,0,0,0,0,0,0,FALSE,0.027080896,0.960290503,9851,0,0,0,0,0,0,FALSE,0.005739323,0.940779035,18773,0,0,0,0,0,0,FALSE,0.026960747,0.91034324,12216,0,0,0,0,0,0,FALSE,0.006023209,0.904959007,26478,0,0,0,0,0,0,FALSE,0.029688995,0.951890156,30130,0,0,0,0,0,0,FALSE,0.024449895,0.951628089,45333,0,0,0,0,0,0,FALSE,0.051407533,0.928134985,12942,0,0,0,0,0,0,FALSE,0.013098809,0.926099695,26692,0,0,0,0,0,0,FALSE,0.031045874,0.946891532,12234,0,0,0,0,0,0,FALSE,0.016667801,0.935052076,10521,0,0,0,0,0,0,FALSE,0.005066251,0.913098651,16153,0,0,0,0,0,0,FALSE,0.016417696,0.964709176,18906,0,0,0,0,0,0,FALSE,0.023021955,0.952567321,19322,0,0,0,0,0,0,FALSE,0.026347648,0.922571761,9721,0,0,0,0,0,0,FALSE,0.006738076,0.948820854,47468,0,0,0,0,0,0,FALSE,0.052365968,0.930469394,52195,0,0,0,0,0,0,FALSE,0.032931059,0.963099038,27064,0,0,0,0,0,0,FALSE,0.056216766,0.932263139,72999,5,0,32,0,0,0,FALSE,0.058294228,0.931634615,71371,0,0,0,0,0,0,FALSE,0.038030008,0.947161011,8821,0,0,0,0,0,0,FALSE,0.007284938,0.965287494,17204,0,0,0,0,0,0,FALSE,0.026600082,0.930769667,9336,0,0,0,0,0,0,FALSE,0.008510798,0.907759015,72999,0,0,38,0,0,0,FALSE,0.060692443,0.934711579,28147,0,0,0,0,0,0,FALSE,0.055741249,0.921781546,72999,0,0,27,0,0,0,FALSE,0.044493088,0.952530422,15109,0,0,0,0,0,0,FALSE,0.020163299,0.942308872,7757,0,0,0,0,0,0,FALSE,0.004950972,0.952542817,72999,0,0,59,0,0,0,FALSE,0.046393066,0.945035911,72999,9,0,44,0,0,0,FALSE,0.046568882,0.944316478,33713,0,0,0,0,0,0,FALSE,0.031651066,0.953378975,72999,0,0,50,0,0,0,FALSE,0.062676408,0.928202534,11992,0,0,0,0,0,0,FALSE,0.031297029,0.859832472,24501,0,0,0,0,0,0,FALSE,0.021202087,0.947896273,40832,0,0,0,0,0,0,FALSE,0.046828887,0.925945652,23244,0,0,0,0,0,0,FALSE,0.009087981,0.934508367,7121,0,0,0,0,0,0,FALSE,0.005644141,0.915580246,72999,0,0,49,0,0,0,FALSE,0.053553789,0.941814471,32626,0,0,0,0,0,0,FALSE,0.051874039,0.943699826,58606,0,0,0,0,0,0,FALSE,0.052803753,0.92806913,16036,0,0,0,0,0,0,FALSE,0.013784661,0.949624887,72999,65,0,0,0,0,0,FALSE,0.04744786,0.946216463,40171,0,0,0,0,0,0,FALSE,0.063844289,0.92321733,34223,0,0,0,0,0,0,FALSE,0.037208019,0.950527031
