BehaviorSpace results (NetLogo 6.4.0),Spreadsheet version 2.0,,,,,,,,,,,,,,,,,,,,,,,,,,,,,,,,,,,,,,,,,,,,,,,,,,,,,,,,,,,,,,,,,,,,,,,,,,,,,,,,,,,,,,,,,,,,,,,,,,,,,,,,,,,,,,,,,,,,,,,,,,,,,,,,,,,,,,,,,,,,,,,,,,,,,,,,,,,,,,,,,,,,,,,,,,,,,,,,,,,,,,,,,,,,,,,,,,,,,,,,,,,,,,,,,,,,,,,,,,,,,,,,,,,,,,,,,,,,,,,,,,,,,,,,,,,,,,,,,,,,,,,,,,,,,,,,,,,,,,,,,,,,,,,,,,,,,,,,,,,,,,,,,,,,,,,,,,,,,,,,,,,,,,,,,,,,,,,,,,,,,,,,,,,,,,,,,,,,,,,,,,,,,,,,,,,,,,,,,,,,,,,,,,,,,,,,,,,,,,,,,,,,,,,,,,,,,,,,,,,,,,,,,,,,,,,,,,,,,,,,,,,,,,,,,,,,,,,,,,,,,,,,,,,,,,,,,,,,,,,,,,,,,,,,,,,,,,,,,,,,,,,,,,,,,,,,,,,,,,,,,,,,,,,,,,,,,,,,,,,,,,,,,,,,,,,,,,,,,,,,,,,,,,,,,,,,,,,,,,,,,,,,,,,,,,,,,,,,,,,,,,,,,,,,,,,,,,,,,,,,,,,,,,,,,,,,,,,,,,,,,,,,,,,,,,,,,,,,,,,,,,,,,,,,,,,,,,,,,,,,,,,,,,,,,,,,,,,,,,,,,,,,,,,,,,,,,,,,,,,,,,,,,,,,,,,,,,,,,,,,,,,,,,,,,,,,,,,,,,,,,,,,,,,,,,,,,,,,,,,,,,,,,,,,,,,,,,,,,,,
social_bet_hedging21.nlogo,,,,,,,,,,,,,,,,,,,,,,,,,,,,,,,,,,,,,,,,,,,,,,,,,,,,,,,,,,,,,,,,,,,,,,,,,,,,,,,,,,,,,,,,,,,,,,,,,,,,,,,,,,,,,,,,,,,,,,,,,,,,,,,,,,,,,,,,,,,,,,,,,,,,,,,,,,,,,,,,,,,,,,,,,,,,,,,,,,,,,,,,,,,,,,,,,,,,,,,,,,,,,,,,,,,,,,,,,,,,,,,,,,,,,,,,,,,,,,,,,,,,,,,,,,,,,,,,,,,,,,,,,,,,,,,,,,,,,,,,,,,,,,,,,,,,,,,,,,,,,,,,,,,,,,,,,,,,,,,,,,,,,,,,,,,,,,,,,,,,,,,,,,,,,,,,,,,,,,,,,,,,,,,,,,,,,,,,,,,,,,,,,,,,,,,,,,,,,,,,,,,,,,,,,,,,,,,,,,,,,,,,,,,,,,,,,,,,,,,,,,,,,,,,,,,,,,,,,,,,,,,,,,,,,,,,,,,,,,,,,,,,,,,,,,,,,,,,,,,,,,,,,,,,,,,,,,,,,,,,,,,,,,,,,,,,,,,,,,,,,,,,,,,,,,,,,,,,,,,,,,,,,,,,,,,,,,,,,,,,,,,,,,,,,,,,,,,,,,,,,,,,,,,,,,,,,,,,,,,,,,,,,,,,,,,,,,,,,,,,,,,,,,,,,,,,,,,,,,,,,,,,,,,,,,,,,,,,,,,,,,,,,,,,,,,,,,,,,,,,,,,,,,,,,,,,,,,,,,,,,,,,,,,,,,,,,,,,,,,,,,,,,,,,,,,,,,,,,,,,,,,,,,,,,,,,,,,,,,,,,,,,,,,,,,,,,,,,,,,,
experiment,,,,,,,,,,,,,,,,,,,,,,,,,,,,,,,,,,,,,,,,,,,,,,,,,,,,,,,,,,,,,,,,,,,,,,,,,,,,,,,,,,,,,,,,,,,,,,,,,,,,,,,,,,,,,,,,,,,,,,,,,,,,,,,,,,,,,,,,,,,,,,,,,,,,,,,,,,,,,,,,,,,,,,,,,,,,,,,,,,,,,,,,,,,,,,,,,,,,,,,,,,,,,,,,,,,,,,,,,,,,,,,,,,,,,,,,,,,,,,,,,,,,,,,,,,,,,,,,,,,,,,,,,,,,,,,,,,,,,,,,,,,,,,,,,,,,,,,,,,,,,,,,,,,,,,,,,,,,,,,,,,,,,,,,,,,,,,,,,,,,,,,,,,,,,,,,,,,,,,,,,,,,,,,,,,,,,,,,,,,,,,,,,,,,,,,,,,,,,,,,,,,,,,,,,,,,,,,,,,,,,,,,,,,,,,,,,,,,,,,,,,,,,,,,,,,,,,,,,,,,,,,,,,,,,,,,,,,,,,,,,,,,,,,,,,,,,,,,,,,,,,,,,,,,,,,,,,,,,,,,,,,,,,,,,,,,,,,,,,,,,,,,,,,,,,,,,,,,,,,,,,,,,,,,,,,,,,,,,,,,,,,,,,,,,,,,,,,,,,,,,,,,,,,,,,,,,,,,,,,,,,,,,,,,,,,,,,,,,,,,,,,,,,,,,,,,,,,,,,,,,,,,,,,,,,,,,,,,,,,,,,,,,,,,,,,,,,,,,,,,,,,,,,,,,,,,,,,,,,,,,,,,,,,,,,,,,,,,,,,,,,,,,,,,,,,,,,,,,,,,,,,,,,,,,,,,,,,,,,,,,,,,,,,,,,,,,,,,,,,,
08/15/2025 12:33:34:889 -0500,,,,,,,,,,,,,,,,,,,,,,,,,,,,,,,,,,,,,,,,,,,,,,,,,,,,,,,,,,,,,,,,,,,,,,,,,,,,,,,,,,,,,,,,,,,,,,,,,,,,,,,,,,,,,,,,,,,,,,,,,,,,,,,,,,,,,,,,,,,,,,,,,,,,,,,,,,,,,,,,,,,,,,,,,,,,,,,,,,,,,,,,,,,,,,,,,,,,,,,,,,,,,,,,,,,,,,,,,,,,,,,,,,,,,,,,,,,,,,,,,,,,,,,,,,,,,,,,,,,,,,,,,,,,,,,,,,,,,,,,,,,,,,,,,,,,,,,,,,,,,,,,,,,,,,,,,,,,,,,,,,,,,,,,,,,,,,,,,,,,,,,,,,,,,,,,,,,,,,,,,,,,,,,,,,,,,,,,,,,,,,,,,,,,,,,,,,,,,,,,,,,,,,,,,,,,,,,,,,,,,,,,,,,,,,,,,,,,,,,,,,,,,,,,,,,,,,,,,,,,,,,,,,,,,,,,,,,,,,,,,,,,,,,,,,,,,,,,,,,,,,,,,,,,,,,,,,,,,,,,,,,,,,,,,,,,,,,,,,,,,,,,,,,,,,,,,,,,,,,,,,,,,,,,,,,,,,,,,,,,,,,,,,,,,,,,,,,,,,,,,,,,,,,,,,,,,,,,,,,,,,,,,,,,,,,,,,,,,,,,,,,,,,,,,,,,,,,,,,,,,,,,,,,,,,,,,,,,,,,,,,,,,,,,,,,,,,,,,,,,,,,,,,,,,,,,,,,,,,,,,,,,,,,,,,,,,,,,,,,,,,,,,,,,,,,,,,,,,,,,,,,,,,,,,,,,,,,,,,,,,,,,,,,,,,,,,,,,,,,,
min-pxcor,max-pxcor,min-pycor,max-pycor,,,,,,,,,,,,,,,,,,,,,,,,,,,,,,,,,,,,,,,,,,,,,,,,,,,,,,,,,,,,,,,,,,,,,,,,,,,,,,,,,,,,,,,,,,,,,,,,,,,,,,,,,,,,,,,,,,,,,,,,,,,,,,,,,,,,,,,,,,,,,,,,,,,,,,,,,,,,,,,,,,,,,,,,,,,,,,,,,,,,,,,,,,,,,,,,,,,,,,,,,,,,,,,,,,,,,,,,,,,,,,,,,,,,,,,,,,,,,,,,,,,,,,,,,,,,,,,,,,,,,,,,,,,,,,,,,,,,,,,,,,,,,,,,,,,,,,,,,,,,,,,,,,,,,,,,,,,,,,,,,,,,,,,,,,,,,,,,,,,,,,,,,,,,,,,,,,,,,,,,,,,,,,,,,,,,,,,,,,,,,,,,,,,,,,,,,,,,,,,,,,,,,,,,,,,,,,,,,,,,,,,,,,,,,,,,,,,,,,,,,,,,,,,,,,,,,,,,,,,,,,,,,,,,,,,,,,,,,,,,,,,,,,,,,,,,,,,,,,,,,,,,,,,,,,,,,,,,,,,,,,,,,,,,,,,,,,,,,,,,,,,,,,,,,,,,,,,,,,,,,,,,,,,,,,,,,,,,,,,,,,,,,,,,,,,,,,,,,,,,,,,,,,,,,,,,,,,,,,,,,,,,,,,,,,,,,,,,,,,,,,,,,,,,,,,,,,,,,,,,,,,,,,,,,,,,,,,,,,,,,,,,,,,,,,,,,,,,,,,,,,,,,,,,,,,,,,,,,,,,,,,,,,,,,,,,,,,,,,,,,,,,,,,,,,,,,,,,,,,,,,,,,,,,,,,,,,,,,,,,,,,,,,,,,,,,,,,,,
-4,3,-2,3,,,,,,,,,,,,,,,,,,,,,,,,,,,,,,,,,,,,,,,,,,,,,,,,,,,,,,,,,,,,,,,,,,,,,,,,,,,,,,,,,,,,,,,,,,,,,,,,,,,,,,,,,,,,,,,,,,,,,,,,,,,,,,,,,,,,,,,,,,,,,,,,,,,,,,,,,,,,,,,,,,,,,,,,,,,,,,,,,,,,,,,,,,,,,,,,,,,,,,,,,,,,,,,,,,,,,,,,,,,,,,,,,,,,,,,,,,,,,,,,,,,,,,,,,,,,,,,,,,,,,,,,,,,,,,,,,,,,,,,,,,,,,,,,,,,,,,,,,,,,,,,,,,,,,,,,,,,,,,,,,,,,,,,,,,,,,,,,,,,,,,,,,,,,,,,,,,,,,,,,,,,,,,,,,,,,,,,,,,,,,,,,,,,,,,,,,,,,,,,,,,,,,,,,,,,,,,,,,,,,,,,,,,,,,,,,,,,,,,,,,,,,,,,,,,,,,,,,,,,,,,,,,,,,,,,,,,,,,,,,,,,,,,,,,,,,,,,,,,,,,,,,,,,,,,,,,,,,,,,,,,,,,,,,,,,,,,,,,,,,,,,,,,,,,,,,,,,,,,,,,,,,,,,,,,,,,,,,,,,,,,,,,,,,,,,,,,,,,,,,,,,,,,,,,,,,,,,,,,,,,,,,,,,,,,,,,,,,,,,,,,,,,,,,,,,,,,,,,,,,,,,,,,,,,,,,,,,,,,,,,,,,,,,,,,,,,,,,,,,,,,,,,,,,,,,,,,,,,,,,,,,,,,,,,,,,,,,,,,,,,,,,,,,,,,,,,,,,,,,,,,,,,,,,,,,,,,,,,,,,,,,,,,,,,,,,,,,,,
[run number],1,1,1,1,1,1,1,1,2,2,2,2,2,2,2,2,3,3,3,3,3,3,3,3,4,4,4,4,4,4,4,4,5,5,5,5,5,5,5,5,6,6,6,6,6,6,6,6,7,7,7,7,7,7,7,7,8,8,8,8,8,8,8,8,9,9,9,9,9,9,9,9,10,10,10,10,10,10,10,10,11,11,11,11,11,11,11,11,12,12,12,12,12,12,12,12,13,13,13,13,13,13,13,13,14,14,14,14,14,14,14,14,15,15,15,15,15,15,15,15,16,16,16,16,16,16,16,16,17,17,17,17,17,17,17,17,18,18,18,18,18,18,18,18,19,19,19,19,19,19,19,19,20,20,20,20,20,20,20,20,21,21,21,21,21,21,21,21,22,22,22,22,22,22,22,22,23,23,23,23,23,23,23,23,24,24,24,24,24,24,24,24,25,25,25,25,25,25,25,25,26,26,26,26,26,26,26,26,27,27,27,27,27,27,27,27,28,28,28,28,28,28,28,28,29,29,29,29,29,29,29,29,30,30,30,30,30,30,30,30,31,31,31,31,31,31,31,31,32,32,32,32,32,32,32,32,33,33,33,33,33,33,33,33,34,34,34,34,34,34,34,34,35,35,35,35,35,35,35,35,36,36,36,36,36,36,36,36,37,37,37,37,37,37,37,37,38,38,38,38,38,38,38,38,39,39,39,39,39,39,39,39,40,40,40,40,40,40,40,40,41,41,41,41,41,41,41,41,42,42,42,42,42,42,42,42,43,43,43,43,43,43,43,43,44,44,44,44,44,44,44,44,45,45,45,45,45,45,45,45,46,46,46,46,46,46,46,46,47,47,47,47,47,47,47,47,48,48,48,48,48,48,48,48,49,49,49,49,49,49,49,49,50,50,50,50,50,50,50,50,51,51,51,51,51,51,51,51,52,52,52,52,52,52,52,52,53,53,53,53,53,53,53,53,54,54,54,54,54,54,54,54,55,55,55,55,55,55,55,55,56,56,56,56,56,56,56,56,57,57,57,57,57,57,57,57,58,58,58,58,58,58,58,58,59,59,59,59,59,59,59,59,60,60,60,60,60,60,60,60,61,61,61,61,61,61,61,61,62,62,62,62,62,62,62,62,63,63,63,63,63,63,63,63,64,64,64,64,64,64,64,64,65,65,65,65,65,65,65,65,66,66,66,66,66,66,66,66,67,67,67,67,67,67,67,67,68,68,68,68,68,68,68,68,69,69,69,69,69,69,69,69,70,70,70,70,70,70,70,70,71,71,71,71,71,71,71,71,72,72,72,72,72,72,72,72,73,73,73,73,73,73,73,73,74,74,74,74,74,74,74,74,75,75,75,75,75,75,75,75,76,76,76,76,76,76,76,76,77,77,77,77,77,77,77,77,78,78,78,78,78,78,78,78,79,79,79,79,79,79,79,79,80,80,80,80,80,80,80,80,81,81,81,81,81,81,81,81,82,82,82,82,82,82,82,82,83,83,83,83,83,83,83,83,84,84,84,84,84,84,84,84,85,85,85,85,85,85,85,85,86,86,86,86,86,86,86,86,87,87,87,87,87,87,87,87,88,88,88,88,88,88,88,88,89,89,89,89,89,89,89,89,90,90,90,90,90,90,90,90,91,91,91,91,91,91,91,91,92,92,92,92,92,92,92,92,93,93,93,93,93,93,93,93,94,94,94,94,94,94,94,94,95,95,95,95,95,95,95,95,96,96,96,96,96,96,96,96,97,97,97,97,97,97,97,97,98,98,98,98,98,98,98,98,99,99,99,99,99,99,99,99,100,100,100,100,100,100,100,100
roost-switch?,TRUE,,,,,,,,TRUE,,,,,,,,TRUE,,,,,,,,TRUE,,,,,,,,TRUE,,,,,,,,TRUE,,,,,,,,TRUE,,,,,,,,TRUE,,,,,,,,TRUE,,,,,,,,TRUE,,,,,,,,TRUE,,,,,,,,TRUE,,,,,,,,TRUE,,,,,,,,TRUE,,,,,,,,TRUE,,,,,,,,TRUE,,,,,,,,TRUE,,,,,,,,TRUE,,,,,,,,TRUE,,,,,,,,TRUE,,,,,,,,TRUE,,,,,,,,TRUE,,,,,,,,TRUE,,,,,,,,TRUE,,,,,,,,TRUE,,,,,,,,TRUE,,,,,,,,TRUE,,,,,,,,TRUE,,,,,,,,TRUE,,,,,,,,TRUE,,,,,,,,TRUE,,,,,,,,TRUE,,,,,,,,TRUE,,,,,,,,TRUE,,,,,,,,TRUE,,,,,,,,TRUE,,,,,,,,TRUE,,,,,,,,TRUE,,,,,,,,TRUE,,,,,,,,TRUE,,,,,,,,TRUE,,,,,,,,TRUE,,,,,,,,TRUE,,,,,,,,TRUE,,,,,,,,TRUE,,,,,,,,TRUE,,,,,,,,TRUE,,,,,,,,TRUE,,,,,,,,TRUE,,,,,,,,TRUE,,,,,,,,TRUE,,,,,,,,TRUE,,,,,,,,TRUE,,,,,,,,TRUE,,,,,,,,TRUE,,,,,,,,TRUE,,,,,,,,TRUE,,,,,,,,TRUE,,,,,,,,TRUE,,,,,,,,TRUE,,,,,,,,TRUE,,,,,,,,TRUE,,,,,,,,TRUE,,,,,,,,TRUE,,,,,,,,TRUE,,,,,,,,TRUE,,,,,,,,TRUE,,,,,,,,TRUE,,,,,,,,TRUE,,,,,,,,TRUE,,,,,,,,TRUE,,,,,,,,TRUE,,,,,,,,TRUE,,,,,,,,TRUE,,,,,,,,TRUE,,,,,,,,TRUE,,,,,,,,TRUE,,,,,,,,TRUE,,,,,,,,TRUE,,,,,,,,TRUE,,,,,,,,TRUE,,,,,,,,TRUE,,,,,,,,TRUE,,,,,,,,TRUE,,,,,,,,TRUE,,,,,,,,TRUE,,,,,,,,TRUE,,,,,,,,TRUE,,,,,,,,TRUE,,,,,,,,TRUE,,,,,,,,TRUE,,,,,,,,TRUE,,,,,,,,TRUE,,,,,,,,TRUE,,,,,,,,TRUE,,,,,,,,TRUE,,,,,,,,TRUE,,,,,,,,TRUE,,,,,,,,TRUE,,,,,,,,TRUE,,,,,,,
social-pref?,TRUE,,,,,,,,TRUE,,,,,,,,TRUE,,,,,,,,TRUE,,,,,,,,TRUE,,,,,,,,TRUE,,,,,,,,TRUE,,,,,,,,TRUE,,,,,,,,TRUE,,,,,,,,TRUE,,,,,,,,TRUE,,,,,,,,TRUE,,,,,,,,TRUE,,,,,,,,TRUE,,,,,,,,TRUE,,,,,,,,TRUE,,,,,,,,TRUE,,,,,,,,TRUE,,,,,,,,TRUE,,,,,,,,TRUE,,,,,,,,TRUE,,,,,,,,TRUE,,,,,,,,TRUE,,,,,,,,TRUE,,,,,,,,TRUE,,,,,,,,TRUE,,,,,,,,TRUE,,,,,,,,TRUE,,,,,,,,TRUE,,,,,,,,TRUE,,,,,,,,TRUE,,,,,,,,TRUE,,,,,,,,TRUE,,,,,,,,TRUE,,,,,,,,TRUE,,,,,,,,TRUE,,,,,,,,TRUE,,,,,,,,TRUE,,,,,,,,TRUE,,,,,,,,TRUE,,,,,,,,TRUE,,,,,,,,TRUE,,,,,,,,TRUE,,,,,,,,TRUE,,,,,,,,TRUE,,,,,,,,TRUE,,,,,,,,TRUE,,,,,,,,TRUE,,,,,,,,TRUE,,,,,,,,TRUE,,,,,,,,TRUE,,,,,,,,TRUE,,,,,,,,TRUE,,,,,,,,TRUE,,,,,,,,TRUE,,,,,,,,TRUE,,,,,,,,TRUE,,,,,,,,TRUE,,,,,,,,TRUE,,,,,,,,TRUE,,,,,,,,TRUE,,,,,,,,TRUE,,,,,,,,TRUE,,,,,,,,TRUE,,,,,,,,TRUE,,,,,,,,TRUE,,,,,,,,TRUE,,,,,,,,TRUE,,,,,,,,TRUE,,,,,,,,TRUE,,,,,,,,TRUE,,,,,,,,TRUE,,,,,,,,TRUE,,,,,,,,TRUE,,,,,,,,TRUE,,,,,,,,TRUE,,,,,,,,TRUE,,,,,,,,TRUE,,,,,,,,TRUE,,,,,,,,TRUE,,,,,,,,TRUE,,,,,,,,TRUE,,,,,,,,TRUE,,,,,,,,TRUE,,,,,,,,TRUE,,,,,,,,TRUE,,,,,,,,TRUE,,,,,,,,TRUE,,,,,,,,TRUE,,,,,,,,TRUE,,,,,,,,TRUE,,,,,,,,TRUE,,,,,,,,TRUE,,,,,,,,TRUE,,,,,,,,TRUE,,,,,,,,TRUE,,,,,,,,TRUE,,,,,,,,TRUE,,,,,,,,TRUE,,,,,,,,TRUE,,,,,,,
social-inheritance,FALSE,,,,,,,,FALSE,,,,,,,,FALSE,,,,,,,,FALSE,,,,,,,,FALSE,,,,,,,,FALSE,,,,,,,,FALSE,,,,,,,,FALSE,,,,,,,,FALSE,,,,,,,,FALSE,,,,,,,,FALSE,,,,,,,,FALSE,,,,,,,,FALSE,,,,,,,,FALSE,,,,,,,,FALSE,,,,,,,,FALSE,,,,,,,,FALSE,,,,,,,,FALSE,,,,,,,,FALSE,,,,,,,,FALSE,,,,,,,,FALSE,,,,,,,,FALSE,,,,,,,,FALSE,,,,,,,,FALSE,,,,,,,,FALSE,,,,,,,,FALSE,,,,,,,,FALSE,,,,,,,,FALSE,,,,,,,,FALSE,,,,,,,,FALSE,,,,,,,,FALSE,,,,,,,,FALSE,,,,,,,,FALSE,,,,,,,,FALSE,,,,,,,,FALSE,,,,,,,,FALSE,,,,,,,,FALSE,,,,,,,,FALSE,,,,,,,,FALSE,,,,,,,,FALSE,,,,,,,,FALSE,,,,,,,,FALSE,,,,,,,,FALSE,,,,,,,,FALSE,,,,,,,,FALSE,,,,,,,,FALSE,,,,,,,,FALSE,,,,,,,,FALSE,,,,,,,,FALSE,,,,,,,,FALSE,,,,,,,,FALSE,,,,,,,,FALSE,,,,,,,,FALSE,,,,,,,,FALSE,,,,,,,,FALSE,,,,,,,,FALSE,,,,,,,,FALSE,,,,,,,,FALSE,,,,,,,,FALSE,,,,,,,,FALSE,,,,,,,,FALSE,,,,,,,,FALSE,,,,,,,,FALSE,,,,,,,,FALSE,,,,,,,,FALSE,,,,,,,,FALSE,,,,,,,,FALSE,,,,,,,,FALSE,,,,,,,,FALSE,,,,,,,,FALSE,,,,,,,,FALSE,,,,,,,,FALSE,,,,,,,,FALSE,,,,,,,,FALSE,,,,,,,,FALSE,,,,,,,,FALSE,,,,,,,,FALSE,,,,,,,,FALSE,,,,,,,,FALSE,,,,,,,,FALSE,,,,,,,,FALSE,,,,,,,,FALSE,,,,,,,,FALSE,,,,,,,,FALSE,,,,,,,,FALSE,,,,,,,,FALSE,,,,,,,,FALSE,,,,,,,,FALSE,,,,,,,,FALSE,,,,,,,,FALSE,,,,,,,,FALSE,,,,,,,,FALSE,,,,,,,,FALSE,,,,,,,,FALSE,,,,,,,,FALSE,,,,,,,,FALSE,,,,,,,,FALSE,,,,,,,,FALSE,,,,,,,,FALSE,,,,,,,,FALSE,,,,,,,
social-inheritance2,FALSE,,,,,,,,FALSE,,,,,,,,FALSE,,,,,,,,FALSE,,,,,,,,FALSE,,,,,,,,FALSE,,,,,,,,FALSE,,,,,,,,FALSE,,,,,,,,FALSE,,,,,,,,FALSE,,,,,,,,FALSE,,,,,,,,FALSE,,,,,,,,FALSE,,,,,,,,FALSE,,,,,,,,FALSE,,,,,,,,FALSE,,,,,,,,FALSE,,,,,,,,FALSE,,,,,,,,FALSE,,,,,,,,FALSE,,,,,,,,FALSE,,,,,,,,FALSE,,,,,,,,FALSE,,,,,,,,FALSE,,,,,,,,FALSE,,,,,,,,FALSE,,,,,,,,FALSE,,,,,,,,FALSE,,,,,,,,FALSE,,,,,,,,FALSE,,,,,,,,FALSE,,,,,,,,FALSE,,,,,,,,FALSE,,,,,,,,FALSE,,,,,,,,FALSE,,,,,,,,FALSE,,,,,,,,FALSE,,,,,,,,FALSE,,,,,,,,FALSE,,,,,,,,FALSE,,,,,,,,FALSE,,,,,,,,FALSE,,,,,,,,FALSE,,,,,,,,FALSE,,,,,,,,FALSE,,,,,,,,FALSE,,,,,,,,FALSE,,,,,,,,FALSE,,,,,,,,FALSE,,,,,,,,FALSE,,,,,,,,FALSE,,,,,,,,FALSE,,,,,,,,FALSE,,,,,,,,FALSE,,,,,,,,FALSE,,,,,,,,FALSE,,,,,,,,FALSE,,,,,,,,FALSE,,,,,,,,FALSE,,,,,,,,FALSE,,,,,,,,FALSE,,,,,,,,FALSE,,,,,,,,FALSE,,,,,,,,FALSE,,,,,,,,FALSE,,,,,,,,FALSE,,,,,,,,FALSE,,,,,,,,FALSE,,,,,,,,FALSE,,,,,,,,FALSE,,,,,,,,FALSE,,,,,,,,FALSE,,,,,,,,FALSE,,,,,,,,FALSE,,,,,,,,FALSE,,,,,,,,FALSE,,,,,,,,FALSE,,,,,,,,FALSE,,,,,,,,FALSE,,,,,,,,FALSE,,,,,,,,FALSE,,,,,,,,FALSE,,,,,,,,FALSE,,,,,,,,FALSE,,,,,,,,FALSE,,,,,,,,FALSE,,,,,,,,FALSE,,,,,,,,FALSE,,,,,,,,FALSE,,,,,,,,FALSE,,,,,,,,FALSE,,,,,,,,FALSE,,,,,,,,FALSE,,,,,,,,FALSE,,,,,,,,FALSE,,,,,,,,FALSE,,,,,,,,FALSE,,,,,,,,FALSE,,,,,,,,FALSE,,,,,,,,FALSE,,,,,,,
cheating,FALSE,,,,,,,,FALSE,,,,,,,,FALSE,,,,,,,,FALSE,,,,,,,,FALSE,,,,,,,,FALSE,,,,,,,,FALSE,,,,,,,,FALSE,,,,,,,,FALSE,,,,,,,,FALSE,,,,,,,,FALSE,,,,,,,,FALSE,,,,,,,,FALSE,,,,,,,,FALSE,,,,,,,,FALSE,,,,,,,,FALSE,,,,,,,,FALSE,,,,,,,,FALSE,,,,,,,,FALSE,,,,,,,,FALSE,,,,,,,,FALSE,,,,,,,,FALSE,,,,,,,,FALSE,,,,,,,,FALSE,,,,,,,,FALSE,,,,,,,,FALSE,,,,,,,,FALSE,,,,,,,,FALSE,,,,,,,,FALSE,,,,,,,,FALSE,,,,,,,,FALSE,,,,,,,,FALSE,,,,,,,,FALSE,,,,,,,,FALSE,,,,,,,,FALSE,,,,,,,,FALSE,,,,,,,,FALSE,,,,,,,,FALSE,,,,,,,,FALSE,,,,,,,,FALSE,,,,,,,,FALSE,,,,,,,,FALSE,,,,,,,,FALSE,,,,,,,,FALSE,,,,,,,,FALSE,,,,,,,,FALSE,,,,,,,,FALSE,,,,,,,,FALSE,,,,,,,,FALSE,,,,,,,,FALSE,,,,,,,,FALSE,,,,,,,,FALSE,,,,,,,,FALSE,,,,,,,,FALSE,,,,,,,,FALSE,,,,,,,,FALSE,,,,,,,,FALSE,,,,,,,,FALSE,,,,,,,,FALSE,,,,,,,,FALSE,,,,,,,,FALSE,,,,,,,,FALSE,,,,,,,,FALSE,,,,,,,,FALSE,,,,,,,,FALSE,,,,,,,,FALSE,,,,,,,,FALSE,,,,,,,,FALSE,,,,,,,,FALSE,,,,,,,,FALSE,,,,,,,,FALSE,,,,,,,,FALSE,,,,,,,,FALSE,,,,,,,,FALSE,,,,,,,,FALSE,,,,,,,,FALSE,,,,,,,,FALSE,,,,,,,,FALSE,,,,,,,,FALSE,,,,,,,,FALSE,,,,,,,,FALSE,,,,,,,,FALSE,,,,,,,,FALSE,,,,,,,,FALSE,,,,,,,,FALSE,,,,,,,,FALSE,,,,,,,,FALSE,,,,,,,,FALSE,,,,,,,,FALSE,,,,,,,,FALSE,,,,,,,,FALSE,,,,,,,,FALSE,,,,,,,,FALSE,,,,,,,,FALSE,,,,,,,,FALSE,,,,,,,,FALSE,,,,,,,,FALSE,,,,,,,,FALSE,,,,,,,,FALSE,,,,,,,,FALSE,,,,,,,
p_die,3.00E-04,,,,,,,,3.00E-04,,,,,,,,3.00E-04,,,,,,,,3.00E-04,,,,,,,,3.00E-04,,,,,,,,3.00E-04,,,,,,,,3.00E-04,,,,,,,,3.00E-04,,,,,,,,3.00E-04,,,,,,,,3.00E-04,,,,,,,,3.00E-04,,,,,,,,3.00E-04,,,,,,,,3.00E-04,,,,,,,,3.00E-04,,,,,,,,3.00E-04,,,,,,,,3.00E-04,,,,,,,,3.00E-04,,,,,,,,3.00E-04,,,,,,,,3.00E-04,,,,,,,,3.00E-04,,,,,,,,3.00E-04,,,,,,,,3.00E-04,,,,,,,,3.00E-04,,,,,,,,3.00E-04,,,,,,,,3.00E-04,,,,,,,,3.00E-04,,,,,,,,3.00E-04,,,,,,,,3.00E-04,,,,,,,,3.00E-04,,,,,,,,3.00E-04,,,,,,,,3.00E-04,,,,,,,,3.00E-04,,,,,,,,3.00E-04,,,,,,,,3.00E-04,,,,,,,,3.00E-04,,,,,,,,3.00E-04,,,,,,,,3.00E-04,,,,,,,,3.00E-04,,,,,,,,3.00E-04,,,,,,,,3.00E-04,,,,,,,,3.00E-04,,,,,,,,3.00E-04,,,,,,,,3.00E-04,,,,,,,,3.00E-04,,,,,,,,3.00E-04,,,,,,,,3.00E-04,,,,,,,,3.00E-04,,,,,,,,3.00E-04,,,,,,,,3.00E-04,,,,,,,,3.00E-04,,,,,,,,3.00E-04,,,,,,,,3.00E-04,,,,,,,,3.00E-04,,,,,,,,3.00E-04,,,,,,,,3.00E-04,,,,,,,,3.00E-04,,,,,,,,3.00E-04,,,,,,,,3.00E-04,,,,,,,,3.00E-04,,,,,,,,3.00E-04,,,,,,,,3.00E-04,,,,,,,,3.00E-04,,,,,,,,3.00E-04,,,,,,,,3.00E-04,,,,,,,,3.00E-04,,,,,,,,3.00E-04,,,,,,,,3.00E-04,,,,,,,,3.00E-04,,,,,,,,3.00E-04,,,,,,,,3.00E-04,,,,,,,,3.00E-04,,,,,,,,3.00E-04,,,,,,,,3.00E-04,,,,,,,,3.00E-04,,,,,,,,3.00E-04,,,,,,,,3.00E-04,,,,,,,,3.00E-04,,,,,,,,3.00E-04,,,,,,,,3.00E-04,,,,,,,,3.00E-04,,,,,,,,3.00E-04,,,,,,,,3.00E-04,,,,,,,,3.00E-04,,,,,,,,3.00E-04,,,,,,,,3.00E-04,,,,,,,,3.00E-04,,,,,,,,3.00E-04,,,,,,,,3.00E-04,,,,,,,,3.00E-04,,,,,,,,3.00E-04,,,,,,,,3.00E-04,,,,,,,,3.00E-04,,,,,,,,3.00E-04,,,,,,,,3.00E-04,,,,,,,,3.00E-04,,,,,,,,3.00E-04,,,,,,,,3.00E-04,,,,,,,,3.00E-04,,,,,,,,3.00E-04,,,,,,,,3.00E-04,,,,,,,
limit,6,,,,,,,,6,,,,,,,,6,,,,,,,,6,,,,,,,,6,,,,,,,,6,,,,,,,,6,,,,,,,,6,,,,,,,,6,,,,,,,,6,,,,,,,,6,,,,,,,,6,,,,,,,,6,,,,,,,,6,,,,,,,,6,,,,,,,,6,,,,,,,,6,,,,,,,,6,,,,,,,,6,,,,,,,,6,,,,,,,,6,,,,,,,,6,,,,,,,,6,,,,,,,,6,,,,,,,,6,,,,,,,,6,,,,,,,,6,,,,,,,,6,,,,,,,,6,,,,,,,,6,,,,,,,,6,,,,,,,,6,,,,,,,,6,,,,,,,,6,,,,,,,,6,,,,,,,,6,,,,,,,,6,,,,,,,,6,,,,,,,,6,,,,,,,,6,,,,,,,,6,,,,,,,,6,,,,,,,,6,,,,,,,,6,,,,,,,,6,,,,,,,,6,,,,,,,,6,,,,,,,,6,,,,,,,,6,,,,,,,,6,,,,,,,,6,,,,,,,,6,,,,,,,,6,,,,,,,,6,,,,,,,,6,,,,,,,,6,,,,,,,,6,,,,,,,,6,,,,,,,,6,,,,,,,,6,,,,,,,,6,,,,,,,,6,,,,,,,,6,,,,,,,,6,,,,,,,,6,,,,,,,,6,,,,,,,,6,,,,,,,,6,,,,,,,,6,,,,,,,,6,,,,,,,,6,,,,,,,,6,,,,,,,,6,,,,,,,,6,,,,,,,,6,,,,,,,,6,,,,,,,,6,,,,,,,,6,,,,,,,,6,,,,,,,,6,,,,,,,,6,,,,,,,,6,,,,,,,,6,,,,,,,,6,,,,,,,,6,,,,,,,,6,,,,,,,,6,,,,,,,,6,,,,,,,,6,,,,,,,,6,,,,,,,,6,,,,,,,,6,,,,,,,,6,,,,,,,,6,,,,,,,,6,,,,,,,,6,,,,,,,,6,,,,,,,,6,,,,,,,,6,,,,,,,,6,,,,,,,
foraging,1,,,,,,,,1,,,,,,,,1,,,,,,,,1,,,,,,,,1,,,,,,,,1,,,,,,,,1,,,,,,,,1,,,,,,,,1,,,,,,,,1,,,,,,,,1,,,,,,,,1,,,,,,,,1,,,,,,,,1,,,,,,,,1,,,,,,,,1,,,,,,,,1,,,,,,,,1,,,,,,,,1,,,,,,,,1,,,,,,,,1,,,,,,,,1,,,,,,,,1,,,,,,,,1,,,,,,,,1,,,,,,,,1,,,,,,,,1,,,,,,,,1,,,,,,,,1,,,,,,,,1,,,,,,,,1,,,,,,,,1,,,,,,,,1,,,,,,,,1,,,,,,,,1,,,,,,,,1,,,,,,,,1,,,,,,,,1,,,,,,,,1,,,,,,,,1,,,,,,,,1,,,,,,,,1,,,,,,,,1,,,,,,,,1,,,,,,,,1,,,,,,,,1,,,,,,,,1,,,,,,,,1,,,,,,,,1,,,,,,,,1,,,,,,,,1,,,,,,,,1,,,,,,,,1,,,,,,,,1,,,,,,,,1,,,,,,,,1,,,,,,,,1,,,,,,,,1,,,,,,,,1,,,,,,,,1,,,,,,,,1,,,,,,,,1,,,,,,,,1,,,,,,,,1,,,,,,,,1,,,,,,,,1,,,,,,,,1,,,,,,,,1,,,,,,,,1,,,,,,,,1,,,,,,,,1,,,,,,,,1,,,,,,,,1,,,,,,,,1,,,,,,,,1,,,,,,,,1,,,,,,,,1,,,,,,,,1,,,,,,,,1,,,,,,,,1,,,,,,,,1,,,,,,,,1,,,,,,,,1,,,,,,,,1,,,,,,,,1,,,,,,,,1,,,,,,,,1,,,,,,,,1,,,,,,,,1,,,,,,,,1,,,,,,,,1,,,,,,,,1,,,,,,,,1,,,,,,,,1,,,,,,,,1,,,,,,,,1,,,,,,,,1,,,,,,,,1,,,,,,,,1,,,,,,,,1,,,,,,,
decay,0,,,,,,,,0,,,,,,,,0,,,,,,,,0,,,,,,,,0,,,,,,,,0,,,,,,,,0,,,,,,,,0,,,,,,,,0,,,,,,,,0,,,,,,,,0,,,,,,,,0,,,,,,,,0,,,,,,,,0,,,,,,,,0,,,,,,,,0,,,,,,,,0,,,,,,,,0,,,,,,,,0,,,,,,,,0,,,,,,,,0,,,,,,,,0,,,,,,,,0,,,,,,,,0,,,,,,,,0,,,,,,,,0,,,,,,,,0,,,,,,,,0,,,,,,,,0,,,,,,,,0,,,,,,,,0,,,,,,,,0,,,,,,,,0,,,,,,,,0,,,,,,,,0,,,,,,,,0,,,,,,,,0,,,,,,,,0,,,,,,,,0,,,,,,,,0,,,,,,,,0,,,,,,,,0,,,,,,,,0,,,,,,,,0,,,,,,,,0,,,,,,,,0,,,,,,,,0,,,,,,,,0,,,,,,,,0,,,,,,,,0,,,,,,,,0,,,,,,,,0,,,,,,,,0,,,,,,,,0,,,,,,,,0,,,,,,,,0,,,,,,,,0,,,,,,,,0,,,,,,,,0,,,,,,,,0,,,,,,,,0,,,,,,,,0,,,,,,,,0,,,,,,,,0,,,,,,,,0,,,,,,,,0,,,,,,,,0,,,,,,,,0,,,,,,,,0,,,,,,,,0,,,,,,,,0,,,,,,,,0,,,,,,,,0,,,,,,,,0,,,,,,,,0,,,,,,,,0,,,,,,,,0,,,,,,,,0,,,,,,,,0,,,,,,,,0,,,,,,,,0,,,,,,,,0,,,,,,,,0,,,,,,,,0,,,,,,,,0,,,,,,,,0,,,,,,,,0,,,,,,,,0,,,,,,,,0,,,,,,,,0,,,,,,,,0,,,,,,,,0,,,,,,,,0,,,,,,,,0,,,,,,,,0,,,,,,,,0,,,,,,,,0,,,,,,,,0,,,,,,,,0,,,,,,,,0,,,,,,,
modifier,0,,,,,,,,0,,,,,,,,0,,,,,,,,0,,,,,,,,0,,,,,,,,0,,,,,,,,0,,,,,,,,0,,,,,,,,0,,,,,,,,0,,,,,,,,0,,,,,,,,0,,,,,,,,0,,,,,,,,0,,,,,,,,0,,,,,,,,0,,,,,,,,0,,,,,,,,0,,,,,,,,0,,,,,,,,0,,,,,,,,0,,,,,,,,0,,,,,,,,0,,,,,,,,0,,,,,,,,0,,,,,,,,0,,,,,,,,0,,,,,,,,0,,,,,,,,0,,,,,,,,0,,,,,,,,0,,,,,,,,0,,,,,,,,0,,,,,,,,0,,,,,,,,0,,,,,,,,0,,,,,,,,0,,,,,,,,0,,,,,,,,0,,,,,,,,0,,,,,,,,0,,,,,,,,0,,,,,,,,0,,,,,,,,0,,,,,,,,0,,,,,,,,0,,,,,,,,0,,,,,,,,0,,,,,,,,0,,,,,,,,0,,,,,,,,0,,,,,,,,0,,,,,,,,0,,,,,,,,0,,,,,,,,0,,,,,,,,0,,,,,,,,0,,,,,,,,0,,,,,,,,0,,,,,,,,0,,,,,,,,0,,,,,,,,0,,,,,,,,0,,,,,,,,0,,,,,,,,0,,,,,,,,0,,,,,,,,0,,,,,,,,0,,,,,,,,0,,,,,,,,0,,,,,,,,0,,,,,,,,0,,,,,,,,0,,,,,,,,0,,,,,,,,0,,,,,,,,0,,,,,,,,0,,,,,,,,0,,,,,,,,0,,,,,,,,0,,,,,,,,0,,,,,,,,0,,,,,,,,0,,,,,,,,0,,,,,,,,0,,,,,,,,0,,,,,,,,0,,,,,,,,0,,,,,,,,0,,,,,,,,0,,,,,,,,0,,,,,,,,0,,,,,,,,0,,,,,,,,0,,,,,,,,0,,,,,,,,0,,,,,,,,0,,,,,,,,0,,,,,,,,0,,,,,,,,0,,,,,,,
discriminatory,30,,,,,,,,30,,,,,,,,30,,,,,,,,30,,,,,,,,30,,,,,,,,30,,,,,,,,30,,,,,,,,30,,,,,,,,30,,,,,,,,30,,,,,,,,30,,,,,,,,30,,,,,,,,30,,,,,,,,30,,,,,,,,30,,,,,,,,30,,,,,,,,30,,,,,,,,30,,,,,,,,30,,,,,,,,30,,,,,,,,30,,,,,,,,30,,,,,,,,30,,,,,,,,30,,,,,,,,30,,,,,,,,30,,,,,,,,30,,,,,,,,30,,,,,,,,30,,,,,,,,30,,,,,,,,30,,,,,,,,30,,,,,,,,30,,,,,,,,30,,,,,,,,30,,,,,,,,30,,,,,,,,30,,,,,,,,30,,,,,,,,30,,,,,,,,30,,,,,,,,30,,,,,,,,30,,,,,,,,30,,,,,,,,30,,,,,,,,30,,,,,,,,30,,,,,,,,30,,,,,,,,30,,,,,,,,30,,,,,,,,30,,,,,,,,30,,,,,,,,30,,,,,,,,30,,,,,,,,30,,,,,,,,30,,,,,,,,30,,,,,,,,30,,,,,,,,30,,,,,,,,30,,,,,,,,30,,,,,,,,30,,,,,,,,30,,,,,,,,30,,,,,,,,30,,,,,,,,30,,,,,,,,30,,,,,,,,30,,,,,,,,30,,,,,,,,30,,,,,,,,30,,,,,,,,30,,,,,,,,30,,,,,,,,30,,,,,,,,30,,,,,,,,30,,,,,,,,30,,,,,,,,30,,,,,,,,30,,,,,,,,30,,,,,,,,30,,,,,,,,30,,,,,,,,30,,,,,,,,30,,,,,,,,30,,,,,,,,30,,,,,,,,30,,,,,,,,30,,,,,,,,30,,,,,,,,30,,,,,,,,30,,,,,,,,30,,,,,,,,30,,,,,,,,30,,,,,,,,30,,,,,,,,30,,,,,,,,30,,,,,,,,30,,,,,,,,30,,,,,,,,30,,,,,,,,30,,,,,,,
threshold,0,,,,,,,,0,,,,,,,,0,,,,,,,,0,,,,,,,,0,,,,,,,,0,,,,,,,,0,,,,,,,,0,,,,,,,,0,,,,,,,,0,,,,,,,,0,,,,,,,,0,,,,,,,,0,,,,,,,,0,,,,,,,,0,,,,,,,,0,,,,,,,,0,,,,,,,,0,,,,,,,,0,,,,,,,,0,,,,,,,,0,,,,,,,,0,,,,,,,,0,,,,,,,,0,,,,,,,,0,,,,,,,,0,,,,,,,,0,,,,,,,,0,,,,,,,,0,,,,,,,,0,,,,,,,,0,,,,,,,,0,,,,,,,,0,,,,,,,,0,,,,,,,,0,,,,,,,,0,,,,,,,,0,,,,,,,,0,,,,,,,,0,,,,,,,,0,,,,,,,,0,,,,,,,,0,,,,,,,,0,,,,,,,,0,,,,,,,,0,,,,,,,,0,,,,,,,,0,,,,,,,,0,,,,,,,,0,,,,,,,,0,,,,,,,,0,,,,,,,,0,,,,,,,,0,,,,,,,,0,,,,,,,,0,,,,,,,,0,,,,,,,,0,,,,,,,,0,,,,,,,,0,,,,,,,,0,,,,,,,,0,,,,,,,,0,,,,,,,,0,,,,,,,,0,,,,,,,,0,,,,,,,,0,,,,,,,,0,,,,,,,,0,,,,,,,,0,,,,,,,,0,,,,,,,,0,,,,,,,,0,,,,,,,,0,,,,,,,,0,,,,,,,,0,,,,,,,,0,,,,,,,,0,,,,,,,,0,,,,,,,,0,,,,,,,,0,,,,,,,,0,,,,,,,,0,,,,,,,,0,,,,,,,,0,,,,,,,,0,,,,,,,,0,,,,,,,,0,,,,,,,,0,,,,,,,,0,,,,,,,,0,,,,,,,,0,,,,,,,,0,,,,,,,,0,,,,,,,,0,,,,,,,,0,,,,,,,,0,,,,,,,,0,,,,,,,,0,,,,,,,,0,,,,,,,,0,,,,,,,
share_boost,0.5,,,,,,,,0.5,,,,,,,,0.5,,,,,,,,0.5,,,,,,,,0.5,,,,,,,,0.5,,,,,,,,0.5,,,,,,,,0.5,,,,,,,,0.5,,,,,,,,0.5,,,,,,,,0.5,,,,,,,,0.5,,,,,,,,0.5,,,,,,,,0.5,,,,,,,,0.5,,,,,,,,0.5,,,,,,,,0.5,,,,,,,,0.5,,,,,,,,0.5,,,,,,,,0.5,,,,,,,,0.5,,,,,,,,0.5,,,,,,,,0.5,,,,,,,,0.5,,,,,,,,0.5,,,,,,,,0.5,,,,,,,,0.5,,,,,,,,0.5,,,,,,,,0.5,,,,,,,,0.5,,,,,,,,0.5,,,,,,,,0.5,,,,,,,,0.5,,,,,,,,0.5,,,,,,,,0.5,,,,,,,,0.5,,,,,,,,0.5,,,,,,,,0.5,,,,,,,,0.5,,,,,,,,0.5,,,,,,,,0.5,,,,,,,,0.5,,,,,,,,0.5,,,,,,,,0.5,,,,,,,,0.5,,,,,,,,0.5,,,,,,,,0.5,,,,,,,,0.5,,,,,,,,0.5,,,,,,,,0.5,,,,,,,,0.5,,,,,,,,0.5,,,,,,,,0.5,,,,,,,,0.5,,,,,,,,0.5,,,,,,,,0.5,,,,,,,,0.5,,,,,,,,0.5,,,,,,,,0.5,,,,,,,,0.5,,,,,,,,0.5,,,,,,,,0.5,,,,,,,,0.5,,,,,,,,0.5,,,,,,,,0.5,,,,,,,,0.5,,,,,,,,0.5,,,,,,,,0.5,,,,,,,,0.5,,,,,,,,0.5,,,,,,,,0.5,,,,,,,,0.5,,,,,,,,0.5,,,,,,,,0.5,,,,,,,,0.5,,,,,,,,0.5,,,,,,,,0.5,,,,,,,,0.5,,,,,,,,0.5,,,,,,,,0.5,,,,,,,,0.5,,,,,,,,0.5,,,,,,,,0.5,,,,,,,,0.5,,,,,,,,0.5,,,,,,,,0.5,,,,,,,,0.5,,,,,,,,0.5,,,,,,,,0.5,,,,,,,,0.5,,,,,,,,0.5,,,,,,,,0.5,,,,,,,,0.5,,,,,,,,0.5,,,,,,,,0.5,,,,,,,,0.5,,,,,,,,0.5,,,,,,,,0.5,,,,,,,,0.5,,,,,,,,0.5,,,,,,,
share_decline,0,,,,,,,,0,,,,,,,,0,,,,,,,,0,,,,,,,,0,,,,,,,,0,,,,,,,,0,,,,,,,,0,,,,,,,,0,,,,,,,,0,,,,,,,,0,,,,,,,,0,,,,,,,,0,,,,,,,,0,,,,,,,,0,,,,,,,,0,,,,,,,,0,,,,,,,,0,,,,,,,,0,,,,,,,,0,,,,,,,,0,,,,,,,,0,,,,,,,,0,,,,,,,,0,,,,,,,,0,,,,,,,,0,,,,,,,,0,,,,,,,,0,,,,,,,,0,,,,,,,,0,,,,,,,,0,,,,,,,,0,,,,,,,,0,,,,,,,,0,,,,,,,,0,,,,,,,,0,,,,,,,,0,,,,,,,,0,,,,,,,,0,,,,,,,,0,,,,,,,,0,,,,,,,,0,,,,,,,,0,,,,,,,,0,,,,,,,,0,,,,,,,,0,,,,,,,,0,,,,,,,,0,,,,,,,,0,,,,,,,,0,,,,,,,,0,,,,,,,,0,,,,,,,,0,,,,,,,,0,,,,,,,,0,,,,,,,,0,,,,,,,,0,,,,,,,,0,,,,,,,,0,,,,,,,,0,,,,,,,,0,,,,,,,,0,,,,,,,,0,,,,,,,,0,,,,,,,,0,,,,,,,,0,,,,,,,,0,,,,,,,,0,,,,,,,,0,,,,,,,,0,,,,,,,,0,,,,,,,,0,,,,,,,,0,,,,,,,,0,,,,,,,,0,,,,,,,,0,,,,,,,,0,,,,,,,,0,,,,,,,,0,,,,,,,,0,,,,,,,,0,,,,,,,,0,,,,,,,,0,,,,,,,,0,,,,,,,,0,,,,,,,,0,,,,,,,,0,,,,,,,,0,,,,,,,,0,,,,,,,,0,,,,,,,,0,,,,,,,,0,,,,,,,,0,,,,,,,,0,,,,,,,,0,,,,,,,,0,,,,,,,,0,,,,,,,,0,,,,,,,,0,,,,,,,,0,,,,,,,
groom_give,5,,,,,,,,5,,,,,,,,5,,,,,,,,5,,,,,,,,5,,,,,,,,5,,,,,,,,5,,,,,,,,5,,,,,,,,5,,,,,,,,5,,,,,,,,5,,,,,,,,5,,,,,,,,5,,,,,,,,5,,,,,,,,5,,,,,,,,5,,,,,,,,5,,,,,,,,5,,,,,,,,5,,,,,,,,5,,,,,,,,5,,,,,,,,5,,,,,,,,5,,,,,,,,5,,,,,,,,5,,,,,,,,5,,,,,,,,5,,,,,,,,5,,,,,,,,5,,,,,,,,5,,,,,,,,5,,,,,,,,5,,,,,,,,5,,,,,,,,5,,,,,,,,5,,,,,,,,5,,,,,,,,5,,,,,,,,5,,,,,,,,5,,,,,,,,5,,,,,,,,5,,,,,,,,5,,,,,,,,5,,,,,,,,5,,,,,,,,5,,,,,,,,5,,,,,,,,5,,,,,,,,5,,,,,,,,5,,,,,,,,5,,,,,,,,5,,,,,,,,5,,,,,,,,5,,,,,,,,5,,,,,,,,5,,,,,,,,5,,,,,,,,5,,,,,,,,5,,,,,,,,5,,,,,,,,5,,,,,,,,5,,,,,,,,5,,,,,,,,5,,,,,,,,5,,,,,,,,5,,,,,,,,5,,,,,,,,5,,,,,,,,5,,,,,,,,5,,,,,,,,5,,,,,,,,5,,,,,,,,5,,,,,,,,5,,,,,,,,5,,,,,,,,5,,,,,,,,5,,,,,,,,5,,,,,,,,5,,,,,,,,5,,,,,,,,5,,,,,,,,5,,,,,,,,5,,,,,,,,5,,,,,,,,5,,,,,,,,5,,,,,,,,5,,,,,,,,5,,,,,,,,5,,,,,,,,5,,,,,,,,5,,,,,,,,5,,,,,,,,5,,,,,,,,5,,,,,,,,5,,,,,,,,5,,,,,,,,5,,,,,,,,5,,,,,,,,5,,,,,,,,5,,,,,,,,5,,,,,,,
donations,4,,,,,,,,4,,,,,,,,4,,,,,,,,4,,,,,,,,4,,,,,,,,4,,,,,,,,4,,,,,,,,4,,,,,,,,4,,,,,,,,4,,,,,,,,4,,,,,,,,4,,,,,,,,4,,,,,,,,4,,,,,,,,4,,,,,,,,4,,,,,,,,4,,,,,,,,4,,,,,,,,4,,,,,,,,4,,,,,,,,4,,,,,,,,4,,,,,,,,4,,,,,,,,4,,,,,,,,4,,,,,,,,4,,,,,,,,4,,,,,,,,4,,,,,,,,4,,,,,,,,4,,,,,,,,4,,,,,,,,4,,,,,,,,4,,,,,,,,4,,,,,,,,4,,,,,,,,4,,,,,,,,4,,,,,,,,4,,,,,,,,4,,,,,,,,4,,,,,,,,4,,,,,,,,4,,,,,,,,4,,,,,,,,4,,,,,,,,4,,,,,,,,4,,,,,,,,4,,,,,,,,4,,,,,,,,4,,,,,,,,4,,,,,,,,4,,,,,,,,4,,,,,,,,4,,,,,,,,4,,,,,,,,4,,,,,,,,4,,,,,,,,4,,,,,,,,4,,,,,,,,4,,,,,,,,4,,,,,,,,4,,,,,,,,4,,,,,,,,4,,,,,,,,4,,,,,,,,4,,,,,,,,4,,,,,,,,4,,,,,,,,4,,,,,,,,4,,,,,,,,4,,,,,,,,4,,,,,,,,4,,,,,,,,4,,,,,,,,4,,,,,,,,4,,,,,,,,4,,,,,,,,4,,,,,,,,4,,,,,,,,4,,,,,,,,4,,,,,,,,4,,,,,,,,4,,,,,,,,4,,,,,,,,4,,,,,,,,4,,,,,,,,4,,,,,,,,4,,,,,,,,4,,,,,,,,4,,,,,,,,4,,,,,,,,4,,,,,,,,4,,,,,,,,4,,,,,,,,4,,,,,,,,4,,,,,,,,4,,,,,,,,4,,,,,,,,4,,,,,,,,4,,,,,,,,4,,,,,,,
amount,0.5,,,,,,,,0.5,,,,,,,,0.5,,,,,,,,0.5,,,,,,,,0.5,,,,,,,,0.5,,,,,,,,0.5,,,,,,,,0.5,,,,,,,,0.5,,,,,,,,0.5,,,,,,,,0.5,,,,,,,,0.5,,,,,,,,0.5,,,,,,,,0.5,,,,,,,,0.5,,,,,,,,0.5,,,,,,,,0.5,,,,,,,,0.5,,,,,,,,0.5,,,,,,,,0.5,,,,,,,,0.5,,,,,,,,0.5,,,,,,,,0.5,,,,,,,,0.5,,,,,,,,0.5,,,,,,,,0.5,,,,,,,,0.5,,,,,,,,0.5,,,,,,,,0.5,,,,,,,,0.5,,,,,,,,0.5,,,,,,,,0.5,,,,,,,,0.5,,,,,,,,0.5,,,,,,,,0.5,,,,,,,,0.5,,,,,,,,0.5,,,,,,,,0.5,,,,,,,,0.5,,,,,,,,0.5,,,,,,,,0.5,,,,,,,,0.5,,,,,,,,0.5,,,,,,,,0.5,,,,,,,,0.5,,,,,,,,0.5,,,,,,,,0.5,,,,,,,,0.5,,,,,,,,0.5,,,,,,,,0.5,,,,,,,,0.5,,,,,,,,0.5,,,,,,,,0.5,,,,,,,,0.5,,,,,,,,0.5,,,,,,,,0.5,,,,,,,,0.5,,,,,,,,0.5,,,,,,,,0.5,,,,,,,,0.5,,,,,,,,0.5,,,,,,,,0.5,,,,,,,,0.5,,,,,,,,0.5,,,,,,,,0.5,,,,,,,,0.5,,,,,,,,0.5,,,,,,,,0.5,,,,,,,,0.5,,,,,,,,0.5,,,,,,,,0.5,,,,,,,,0.5,,,,,,,,0.5,,,,,,,,0.5,,,,,,,,0.5,,,,,,,,0.5,,,,,,,,0.5,,,,,,,,0.5,,,,,,,,0.5,,,,,,,,0.5,,,,,,,,0.5,,,,,,,,0.5,,,,,,,,0.5,,,,,,,,0.5,,,,,,,,0.5,,,,,,,,0.5,,,,,,,,0.5,,,,,,,,0.5,,,,,,,,0.5,,,,,,,,0.5,,,,,,,,0.5,,,,,,,,0.5,,,,,,,,0.5,,,,,,,,0.5,,,,,,,,0.5,,,,,,,,0.5,,,,,,,,0.5,,,,,,,,0.5,,,,,,,,0.5,,,,,,,,0.5,,,,,,,
strats,6,,,,,,,,6,,,,,,,,6,,,,,,,,6,,,,,,,,6,,,,,,,,6,,,,,,,,6,,,,,,,,6,,,,,,,,6,,,,,,,,6,,,,,,,,6,,,,,,,,6,,,,,,,,6,,,,,,,,6,,,,,,,,6,,,,,,,,6,,,,,,,,6,,,,,,,,6,,,,,,,,6,,,,,,,,6,,,,,,,,6,,,,,,,,6,,,,,,,,6,,,,,,,,6,,,,,,,,6,,,,,,,,6,,,,,,,,6,,,,,,,,6,,,,,,,,6,,,,,,,,6,,,,,,,,6,,,,,,,,6,,,,,,,,6,,,,,,,,6,,,,,,,,6,,,,,,,,6,,,,,,,,6,,,,,,,,6,,,,,,,,6,,,,,,,,6,,,,,,,,6,,,,,,,,6,,,,,,,,6,,,,,,,,6,,,,,,,,6,,,,,,,,6,,,,,,,,6,,,,,,,,6,,,,,,,,6,,,,,,,,6,,,,,,,,6,,,,,,,,6,,,,,,,,6,,,,,,,,6,,,,,,,,6,,,,,,,,6,,,,,,,,6,,,,,,,,6,,,,,,,,6,,,,,,,,6,,,,,,,,6,,,,,,,,6,,,,,,,,6,,,,,,,,6,,,,,,,,6,,,,,,,,6,,,,,,,,6,,,,,,,,6,,,,,,,,6,,,,,,,,6,,,,,,,,6,,,,,,,,6,,,,,,,,6,,,,,,,,6,,,,,,,,6,,,,,,,,6,,,,,,,,6,,,,,,,,6,,,,,,,,6,,,,,,,,6,,,,,,,,6,,,,,,,,6,,,,,,,,6,,,,,,,,6,,,,,,,,6,,,,,,,,6,,,,,,,,6,,,,,,,,6,,,,,,,,6,,,,,,,,6,,,,,,,,6,,,,,,,,6,,,,,,,,6,,,,,,,,6,,,,,,,,6,,,,,,,,6,,,,,,,,6,,,,,,,,6,,,,,,,,6,,,,,,,,6,,,,,,,
[total steps],72999,72999,72999,72999,72999,72999,72999,72999,72999,72999,72999,72999,72999,72999,72999,72999,72999,72999,72999,72999,72999,72999,72999,72999,72999,72999,72999,72999,72999,72999,72999,72999,72999,72999,72999,72999,72999,72999,72999,72999,72999,72999,72999,72999,72999,72999,72999,72999,72999,72999,72999,72999,72999,72999,72999,72999,72999,72999,72999,72999,72999,72999,72999,72999,72999,72999,72999,72999,72999,72999,72999,72999,72999,72999,72999,72999,72999,72999,72999,72999,72999,72999,72999,72999,72999,72999,72999,72999,72999,72999,72999,72999,72999,72999,72999,72999,72999,72999,72999,72999,72999,72999,72999,72999,72999,72999,72999,72999,72999,72999,72999,72999,72999,72999,72999,72999,72999,72999,72999,72999,72999,72999,72999,72999,72999,72999,72999,72999,72999,72999,72999,72999,72999,72999,72999,72999,72999,72999,72999,72999,72999,72999,72999,72999,72999,72999,72999,72999,72999,72999,72999,72999,72999,72999,72999,72999,72999,72999,72999,72999,72999,72999,72999,72999,72999,72999,72999,72999,72999,72999,72999,72999,72999,72999,72999,72999,72999,72999,72999,72999,72999,72999,72999,72999,72999,72999,72999,72999,72999,72999,72999,72999,72999,72999,72999,72999,72999,72999,72999,72999,72999,72999,72999,72999,72999,72999,72999,72999,72999,72999,72999,72999,72999,72999,72999,72999,72999,72999,72999,72999,72999,72999,72999,72999,72999,72999,72999,72999,72999,72999,72999,72999,72999,72999,72999,72999,72999,72999,72999,72999,72999,72999,72999,72999,72999,72999,72999,72999,72999,72999,72999,72999,72999,72999,72999,72999,72999,72999,72999,72999,72999,72999,72999,72999,72999,72999,72999,72999,72999,72999,72999,72999,72999,72999,72999,72999,72999,72999,72999,72999,72999,72999,72999,72999,72999,72999,72999,72999,72999,72999,72999,72999,72999,72999,72999,72999,72999,72999,72999,72999,72999,72999,72999,72999,72999,72999,72999,72999,72999,72999,72999,72999,72999,72999,72999,72999,72999,72999,72999,72999,72999,72999,72999,72999,72999,72999,72999,72999,72999,72999,72999,72999,72999,72999,72999,72999,72999,72999,72999,72999,72999,72999,72999,72999,72999,72999,72999,72999,72999,72999,72999,72999,72999,72999,72999,72999,72999,72999,72999,72999,72999,72999,72999,72999,72999,72999,72999,72999,72999,72999,72999,72999,72999,72999,72999,72999,72999,72999,72999,72999,72999,72999,72999,72999,72999,72999,72999,72999,72999,72999,72999,72999,72999,72999,72999,72999,72999,72999,72999,72999,72999,72999,72999,72999,72999,72999,72999,72999,72999,72999,72999,72999,72999,72999,72999,72999,72999,72999,72999,72999,72999,72999,72999,72999,72999,72999,72999,72999,72999,72999,72999,72999,72999,72999,72999,72999,72999,72999,72999,72999,72999,72999,72999,72999,72999,72999,72999,72999,72999,72999,72999,72999,72999,72999,72999,72999,72999,72999,72999,72999,72999,72999,72999,72999,72999,72999,72999,72999,72999,72999,72999,72999,72999,72999,72999,72999,72999,72999,72999,72999,72999,72999,72999,72999,72999,72999,72999,72999,72999,72999,72999,72999,72999,72999,72999,72999,72999,72999,72999,72999,72999,72999,72999,72999,72999,72999,72999,72999,72999,72999,72999,72999,72999,72999,72999,72999,72999,72999,72999,72999,72999,72999,72999,72999,72999,72999,72999,72999,72999,72999,72999,72999,72999,72999,72999,72999,72999,72999,72999,72999,72999,72999,72999,72999,72999,72999,72999,72999,72999,72999,72999,72999,72999,72999,72999,72999,72999,72999,72999,72999,72999,72999,72999,72999,72999,72999,72999,72999,72999,72999,72999,72999,72999,72999,72999,72999,72999,72999,72999,72999,72999,72999,72999,72999,72999,72999,72999,72999,72999,72999,72999,72999,72999,72999,72999,72999,72999,72999,72999,72999,72999,72999,72999,72999,72999,72999,72999,72999,72999,72999,72999,72999,72999,72999,72999,72999,72999,72999,72999,72999,72999,72999,72999,72999,72999,72999,72999,72999,72999,72999,72999,72999,72999,72999,72999,72999,72999,72999,72999,72999,72999,72999,72999,72999,72999,72999,72999,72999,72999,72999,72999,72999,72999,72999,72999,72999,72999,72999,72999,72999,72999,72999,72999,72999,72999,72999,72999,72999,72999,72999,72999,72999,72999,72999,72999,72999,72999,72999,72999,72999,72999,72999,72999,72999,72999,72999,72999,72999,72999,72999,72999,72999,72999,72999,72999,72999,72999,72999,72999,72999,72999,72999,72999,72999,72999,72999,72999,72999,72999,72999,72999,72999,72999,72999,72999,72999,72999,72999,72999,72999,72999,72999,72999,72999,72999,72999,72999,72999,72999,72999,72999,72999,72999,72999,72999,72999,72999,72999,72999,72999,72999,72999,72999,72999,72999,72999,72999,72999,72999,72999,72999,72999,72999,72999,72999,72999,72999,72999,72999,72999,72999,72999,72999,72999,72999,72999,72999,72999,72999,72999,72999,72999,72999,72999,72999,72999,72999,72999,72999,72999,72999,72999,72999,72999,72999,72999,72999,72999,72999,72999,72999,72999,72999,72999,72999,72999,72999,72999,72999,72999
,,,,,,,,,,,,,,,,,,,,,,,,,,,,,,,,,,,,,,,,,,,,,,,,,,,,,,,,,,,,,,,,,,,,,,,,,,,,,,,,,,,,,,,,,,,,,,,,,,,,,,,,,,,,,,,,,,,,,,,,,,,,,,,,,,,,,,,,,,,,,,,,,,,,,,,,,,,,,,,,,,,,,,,,,,,,,,,,,,,,,,,,,,,,,,,,,,,,,,,,,,,,,,,,,,,,,,,,,,,,,,,,,,,,,,,,,,,,,,,,,,,,,,,,,,,,,,,,,,,,,,,,,,,,,,,,,,,,,,,,,,,,,,,,,,,,,,,,,,,,,,,,,,,,,,,,,,,,,,,,,,,,,,,,,,,,,,,,,,,,,,,,,,,,,,,,,,,,,,,,,,,,,,,,,,,,,,,,,,,,,,,,,,,,,,,,,,,,,,,,,,,,,,,,,,,,,,,,,,,,,,,,,,,,,,,,,,,,,,,,,,,,,,,,,,,,,,,,,,,,,,,,,,,,,,,,,,,,,,,,,,,,,,,,,,,,,,,,,,,,,,,,,,,,,,,,,,,,,,,,,,,,,,,,,,,,,,,,,,,,,,,,,,,,,,,,,,,,,,,,,,,,,,,,,,,,,,,,,,,,,,,,,,,,,,,,,,,,,,,,,,,,,,,,,,,,,,,,,,,,,,,,,,,,,,,,,,,,,,,,,,,,,,,,,,,,,,,,,,,,,,,,,,,,,,,,,,,,,,,,,,,,,,,,,,,,,,,,,,,,,,,,,,,,,,,,,,,,,,,,,,,,,,,,,,,,,,,,,,,,,,,,,,,,,,,,,,,,,,,,,,,,,,,,,,,,,,,,,,,,,,,,,,,,,,,,,,,,,,,,
[final value],[step],count turtles with [color = pink],count turtles with [color = magenta],count turtles with [color = violet],count turtles with [color = blue],count turtles with [color = green],count turtles with [color = yellow],pop-bust,[step],count turtles with [color = pink],count turtles with [color = magenta],count turtles with [color = violet],count turtles with [color = blue],count turtles with [color = green],count turtles with [color = yellow],pop-bust,[step],count turtles with [color = pink],count turtles with [color = magenta],count turtles with [color = violet],count turtles with [color = blue],count turtles with [color = green],count turtles with [color = yellow],pop-bust,[step],count turtles with [color = pink],count turtles with [color = magenta],count turtles with [color = violet],count turtles with [color = blue],count turtles with [color = green],count turtles with [color = yellow],pop-bust,[step],count turtles with [color = pink],count turtles with [color = magenta],count turtles with [color = violet],count turtles with [color = blue],count turtles with [color = green],count turtles with [color = yellow],pop-bust,[step],count turtles with [color = pink],count turtles with [color = magenta],count turtles with [color = violet],count turtles with [color = blue],count turtles with [color = green],count turtles with [color = yellow],pop-bust,[step],count turtles with [color = pink],count turtles with [color = magenta],count turtles with [color = violet],count turtles with [color = blue],count turtles with [color = green],count turtles with [color = yellow],pop-bust,[step],count turtles with [color = pink],count turtles with [color = magenta],count turtles with [color = violet],count turtles with [color = blue],count turtles with [color = green],count turtles with [color = yellow],pop-bust,[step],count turtles with [color = pink],count turtles with [color = magenta],count turtles with [color = violet],count turtles with [color = blue],count turtles with [color = green],count turtles with [color = yellow],pop-bust,[step],count turtles with [color = pink],count turtles with [color = magenta],count turtles with [color = violet],count turtles with [color = blue],count turtles with [color = green],count turtles with [color = yellow],pop-bust,[step],count turtles with [color = pink],count turtles with [color = magenta],count turtles with [color = violet],count turtles with [color = blue],count turtles with [color = green],count turtles with [color = yellow],pop-bust,[step],count turtles with [color = pink],count turtles with [color = magenta],count turtles with [color = violet],count turtles with [color = blue],count turtles with [color = green],count turtles with [color = yellow],pop-bust,[step],count turtles with [color = pink],count turtles with [color = magenta],count turtles with [color = violet],count turtles with [color = blue],count turtles with [color = green],count turtles with [color = yellow],pop-bust,[step],count turtles with [color = pink],count turtles with [color = magenta],count turtles with [color = violet],count turtles with [color = blue],count turtles with [color = green],count turtles with [color = yellow],pop-bust,[step],count turtles with [color = pink],count turtles with [color = magenta],count turtles with [color = violet],count turtles with [color = blue],count turtles with [color = green],count turtles with [color = yellow],pop-bust,[step],count turtles with [color = pink],count turtles with [color = magenta],count turtles with [color = violet],count turtles with [color = blue],count turtles with [color = green],count turtles with [color = yellow],pop-bust,[step],count turtles with [color = pink],count turtles with [color = magenta],count turtles with [color = violet],count turtles with [color = blue],count turtles with [color = green],count turtles with [color = yellow],pop-bust,[step],count turtles with [color = pink],count turtles with [color = magenta],count turtles with [color = violet],count turtles with [color = blue],count turtles with [color = green],count turtles with [color = yellow],pop-bust,[step],count turtles with [color = pink],count turtles with [color = magenta],count turtles with [color = violet],count turtles with [color = blue],count turtles with [color = green],count turtles with [color = yellow],pop-bust,[step],count turtles with [color = pink],count turtles with [color = magenta],count turtles with [color = violet],count turtles with [color = blue],count turtles with [color = green],count turtles with [color = yellow],pop-bust,[step],count turtles with [color = pink],count turtles with [color = magenta],count turtles with [color = violet],count turtles with [color = blue],count turtles with [color = green],count turtles with [color = yellow],pop-bust,[step],count turtles with [color = pink],count turtles with [color = magenta],count turtles with [color = violet],count turtles with [color = blue],count turtles with [color = green],count turtles with [color = yellow],pop-bust,[step],count turtles with [color = pink],count turtles with [color = magenta],count turtles with [color = violet],count turtles with [color = blue],count turtles with [color = green],count turtles with [color = yellow],pop-bust,[step],count turtles with [color = pink],count turtles with [color = magenta],count turtles with [color = violet],count turtles with [color = blue],count turtles with [color = green],count turtles with [color = yellow],pop-bust,[step],count turtles with [color = pink],count turtles with [color = magenta],count turtles with [color = violet],count turtles with [color = blue],count turtles with [color = green],count turtles with [color = yellow],pop-bust,[step],count turtles with [color = pink],count turtles with [color = magenta],count turtles with [color = violet],count turtles with [color = blue],count turtles with [color = green],count turtles with [color = yellow],pop-bust,[step],count turtles with [color = pink],count turtles with [color = magenta],count turtles with [color = violet],count turtles with [color = blue],count turtles with [color = green],count turtles with [color = yellow],pop-bust,[step],count turtles with [color = pink],count turtles with [color = magenta],count turtles with [color = violet],count turtles with [color = blue],count turtles with [color = green],count turtles with [color = yellow],pop-bust,[step],count turtles with [color = pink],count turtles with [color = magenta],count turtles with [color = violet],count turtles with [color = blue],count turtles with [color = green],count turtles with [color = yellow],pop-bust,[step],count turtles with [color = pink],count turtles with [color = magenta],count turtles with [color = violet],count turtles with [color = blue],count turtles with [color = green],count turtles with [color = yellow],pop-bust,[step],count turtles with [color = pink],count turtles with [color = magenta],count turtles with [color = violet],count turtles with [color = blue],count turtles with [color = green],count turtles with [color = yellow],pop-bust,[step],count turtles with [color = pink],count turtles with [color = magenta],count turtles with [color = violet],count turtles with [color = blue],count turtles with [color = green],count turtles with [color = yellow],pop-bust,[step],count turtles with [color = pink],count turtles with [color = magenta],count turtles with [color = violet],count turtles with [color = blue],count turtles with [color = green],count turtles with [color = yellow],pop-bust,[step],count turtles with [color = pink],count turtles with [color = magenta],count turtles with [color = violet],count turtles with [color = blue],count turtles with [color = green],count turtles with [color = yellow],pop-bust,[step],count turtles with [color = pink],count turtles with [color = magenta],count turtles with [color = violet],count turtles with [color = blue],count turtles with [color = green],count turtles with [color = yellow],pop-bust,[step],count turtles with [color = pink],count turtles with [color = magenta],count turtles with [color = violet],count turtles with [color = blue],count turtles with [color = green],count turtles with [color = yellow],pop-bust,[step],count turtles with [color = pink],count turtles with [color = magenta],count turtles with [color = violet],count turtles with [color = blue],count turtles with [color = green],count turtles with [color = yellow],pop-bust,[step],count turtles with [color = pink],count turtles with [color = magenta],count turtles with [color = violet],count turtles with [color = blue],count turtles with [color = green],count turtles with [color = yellow],pop-bust,[step],count turtles with [color = pink],count turtles with [color = magenta],count turtles with [color = violet],count turtles with [color = blue],count turtles with [color = green],count turtles with [color = yellow],pop-bust,[step],count turtles with [color = pink],count turtles with [color = magenta],count turtles with [color = violet],count turtles with [color = blue],count turtles with [color = green],count turtles with [color = yellow],pop-bust,[step],count turtles with [color = pink],count turtles with [color = magenta],count turtles with [color = violet],count turtles with [color = blue],count turtles with [color = green],count turtles with [color = yellow],pop-bust,[step],count turtles with [color = pink],count turtles with [color = magenta],count turtles with [color = violet],count turtles with [color = blue],count turtles with [color = green],count turtles with [color = yellow],pop-bust,[step],count turtles with [color = pink],count turtles with [color = magenta],count turtles with [color = violet],count turtles with [color = blue],count turtles with [color = green],count turtles with [color = yellow],pop-bust,[step],count turtles with [color = pink],count turtles with [color = magenta],count turtles with [color = violet],count turtles with [color = blue],count turtles with [color = green],count turtles with [color = yellow],pop-bust,[step],count turtles with [color = pink],count turtles with [color = magenta],count turtles with [color = violet],count turtles with [color = blue],count turtles with [color = green],count turtles with [color = yellow],pop-bust,[step],count turtles with [color = pink],count turtles with [color = magenta],count turtles with [color = violet],count turtles with [color = blue],count turtles with [color = green],count turtles with [color = yellow],pop-bust,[step],count turtles with [color = pink],count turtles with [color = magenta],count turtles with [color = violet],count turtles with [color = blue],count turtles with [color = green],count turtles with [color = yellow],pop-bust,[step],count turtles with [color = pink],count turtles with [color = magenta],count turtles with [color = violet],count turtles with [color = blue],count turtles with [color = green],count turtles with [color = yellow],pop-bust,[step],count turtles with [color = pink],count turtles with [color = magenta],count turtles with [color = violet],count turtles with [color = blue],count turtles with [color = green],count turtles with [color = yellow],pop-bust,[step],count turtles with [color = pink],count turtles with [color = magenta],count turtles with [color = violet],count turtles with [color = blue],count turtles with [color = green],count turtles with [color = yellow],pop-bust,[step],count turtles with [color = pink],count turtles with [color = magenta],count turtles with [color = violet],count turtles with [color = blue],count turtles with [color = green],count turtles with [color = yellow],pop-bust,[step],count turtles with [color = pink],count turtles with [color = magenta],count turtles with [color = violet],count turtles with [color = blue],count turtles with [color = green],count turtles with [color = yellow],pop-bust,[step],count turtles with [color = pink],count turtles with [color = magenta],count turtles with [color = violet],count turtles with [color = blue],count turtles with [color = green],count turtles with [color = yellow],pop-bust,[step],count turtles with [color = pink],count turtles with [color = magenta],count turtles with [color = violet],count turtles with [color = blue],count turtles with [color = green],count turtles with [color = yellow],pop-bust,[step],count turtles with [color = pink],count turtles with [color = magenta],count turtles with [color = violet],count turtles with [color = blue],count turtles with [color = green],count turtles with [color = yellow],pop-bust,[step],count turtles with [color = pink],count turtles with [color = magenta],count turtles with [color = violet],count turtles with [color = blue],count turtles with [color = green],count turtles with [color = yellow],pop-bust,[step],count turtles with [color = pink],count turtles with [color = magenta],count turtles with [color = violet],count turtles with [color = blue],count turtles with [color = green],count turtles with [color = yellow],pop-bust,[step],count turtles with [color = pink],count turtles with [color = magenta],count turtles with [color = violet],count turtles with [color = blue],count turtles with [color = green],count turtles with [color = yellow],pop-bust,[step],count turtles with [color = pink],count turtles with [color = magenta],count turtles with [color = violet],count turtles with [color = blue],count turtles with [color = green],count turtles with [color = yellow],pop-bust,[step],count turtles with [color = pink],count turtles with [color = magenta],count turtles with [color = violet],count turtles with [color = blue],count turtles with [color = green],count turtles with [color = yellow],pop-bust,[step],count turtles with [color = pink],count turtles with [color = magenta],count turtles with [color = violet],count turtles with [color = blue],count turtles with [color = green],count turtles with [color = yellow],pop-bust,[step],count turtles with [color = pink],count turtles with [color = magenta],count turtles with [color = violet],count turtles with [color = blue],count turtles with [color = green],count turtles with [color = yellow],pop-bust,[step],count turtles with [color = pink],count turtles with [color = magenta],count turtles with [color = violet],count turtles with [color = blue],count turtles with [color = green],count turtles with [color = yellow],pop-bust,[step],count turtles with [color = pink],count turtles with [color = magenta],count turtles with [color = violet],count turtles with [color = blue],count turtles with [color = green],count turtles with [color = yellow],pop-bust,[step],count turtles with [color = pink],count turtles with [color = magenta],count turtles with [color = violet],count turtles with [color = blue],count turtles with [color = green],count turtles with [color = yellow],pop-bust,[step],count turtles with [color = pink],count turtles with [color = magenta],count turtles with [color = violet],count turtles with [color = blue],count turtles with [color = green],count turtles with [color = yellow],pop-bust,[step],count turtles with [color = pink],count turtles with [color = magenta],count turtles with [color = violet],count turtles with [color = blue],count turtles with [color = green],count turtles with [color = yellow],pop-bust,[step],count turtles with [color = pink],count turtles with [color = magenta],count turtles with [color = violet],count turtles with [color = blue],count turtles with [color = green],count turtles with [color = yellow],pop-bust,[step],count turtles with [color = pink],count turtles with [color = magenta],count turtles with [color = violet],count turtles with [color = blue],count turtles with [color = green],count turtles with [color = yellow],pop-bust,[step],count turtles with [color = pink],count turtles with [color = magenta],count turtles with [color = violet],count turtles with [color = blue],count turtles with [color = green],count turtles with [color = yellow],pop-bust,[step],count turtles with [color = pink],count turtles with [color = magenta],count turtles with [color = violet],count turtles with [color = blue],count turtles with [color = green],count turtles with [color = yellow],pop-bust,[step],count turtles with [color = pink],count turtles with [color = magenta],count turtles with [color = violet],count turtles with [color = blue],count turtles with [color = green],count turtles with [color = yellow],pop-bust,[step],count turtles with [color = pink],count turtles with [color = magenta],count turtles with [color = violet],count turtles with [color = blue],count turtles with [color = green],count turtles with [color = yellow],pop-bust,[step],count turtles with [color = pink],count turtles with [color = magenta],count turtles with [color = violet],count turtles with [color = blue],count turtles with [color = green],count turtles with [color = yellow],pop-bust,[step],count turtles with [color = pink],count turtles with [color = magenta],count turtles with [color = violet],count turtles with [color = blue],count turtles with [color = green],count turtles with [color = yellow],pop-bust,[step],count turtles with [color = pink],count turtles with [color = magenta],count turtles with [color = violet],count turtles with [color = blue],count turtles with [color = green],count turtles with [color = yellow],pop-bust,[step],count turtles with [color = pink],count turtles with [color = magenta],count turtles with [color = violet],count turtles with [color = blue],count turtles with [color = green],count turtles with [color = yellow],pop-bust,[step],count turtles with [color = pink],count turtles with [color = magenta],count turtles with [color = violet],count turtles with [color = blue],count turtles with [color = green],count turtles with [color = yellow],pop-bust,[step],count turtles with [color = pink],count turtles with [color = magenta],count turtles with [color = violet],count turtles with [color = blue],count turtles with [color = green],count turtles with [color = yellow],pop-bust,[step],count turtles with [color = pink],count turtles with [color = magenta],count turtles with [color = violet],count turtles with [color = blue],count turtles with [color = green],count turtles with [color = yellow],pop-bust,[step],count turtles with [color = pink],count turtles with [color = magenta],count turtles with [color = violet],count turtles with [color = blue],count turtles with [color = green],count turtles with [color = yellow],pop-bust,[step],count turtles with [color = pink],count turtles with [color = magenta],count turtles with [color = violet],count turtles with [color = blue],count turtles with [color = green],count turtles with [color = yellow],pop-bust,[step],count turtles with [color = pink],count turtles with [color = magenta],count turtles with [color = violet],count turtles with [color = blue],count turtles with [color = green],count turtles with [color = yellow],pop-bust,[step],count turtles with [color = pink],count turtles with [color = magenta],count turtles with [color = violet],count turtles with [color = blue],count turtles with [color = green],count turtles with [color = yellow],pop-bust,[step],count turtles with [color = pink],count turtles with [color = magenta],count turtles with [color = violet],count turtles with [color = blue],count turtles with [color = green],count turtles with [color = yellow],pop-bust,[step],count turtles with [color = pink],count turtles with [color = magenta],count turtles with [color = violet],count turtles with [color = blue],count turtles with [color = green],count turtles with [color = yellow],pop-bust,[step],count turtles with [color = pink],count turtles with [color = magenta],count turtles with [color = violet],count turtles with [color = blue],count turtles with [color = green],count turtles with [color = yellow],pop-bust,[step],count turtles with [color = pink],count turtles with [color = magenta],count turtles with [color = violet],count turtles with [color = blue],count turtles with [color = green],count turtles with [color = yellow],pop-bust,[step],count turtles with [color = pink],count turtles with [color = magenta],count turtles with [color = violet],count turtles with [color = blue],count turtles with [color = green],count turtles with [color = yellow],pop-bust,[step],count turtles with [color = pink],count turtles with [color = magenta],count turtles with [color = violet],count turtles with [color = blue],count turtles with [color = green],count turtles with [color = yellow],pop-bust,[step],count turtles with [color = pink],count turtles with [color = magenta],count turtles with [color = violet],count turtles with [color = blue],count turtles with [color = green],count turtles with [color = yellow],pop-bust,[step],count turtles with [color = pink],count turtles with [color = magenta],count turtles with [color = violet],count turtles with [color = blue],count turtles with [color = green],count turtles with [color = yellow],pop-bust,[step],count turtles with [color = pink],count turtles with [color = magenta],count turtles with [color = violet],count turtles with [color = blue],count turtles with [color = green],count turtles with [color = yellow],pop-bust,[step],count turtles with [color = pink],count turtles with [color = magenta],count turtles with [color = violet],count turtles with [color = blue],count turtles with [color = green],count turtles with [color = yellow],pop-bust,[step],count turtles with [color = pink],count turtles with [color = magenta],count turtles with [color = violet],count turtles with [color = blue],count turtles with [color = green],count turtles with [color = yellow],pop-bust,[step],count turtles with [color = pink],count turtles with [color = magenta],count turtles with [color = violet],count turtles with [color = blue],count turtles with [color = green],count turtles with [color = yellow],pop-bust,[step],count turtles with [color = pink],count turtles with [color = magenta],count turtles with [color = violet],count turtles with [color = blue],count turtles with [color = green],count turtles with [color = yellow],pop-bust,[step],count turtles with [color = pink],count turtles with [color = magenta],count turtles with [color = violet],count turtles with [color = blue],count turtles with [color = green],count turtles with [color = yellow],pop-bust,[step],count turtles with [color = pink],count turtles with [color = magenta],count turtles with [color = violet],count turtles with [color = blue],count turtles with [color = green],count turtles with [color = yellow],pop-bust,[step],count turtles with [color = pink],count turtles with [color = magenta],count turtles with [color = violet],count turtles with [color = blue],count turtles with [color = green],count turtles with [color = yellow],pop-bust
,72999,0,0,0,0,47,0,FALSE,72999,0,0,0,0,59,0,FALSE,72999,0,0,18,0,47,0,FALSE,72999,0,0,14,0,41,0,FALSE,72999,0,0,5,0,49,0,FALSE,72999,11,0,0,0,38,0,FALSE,72999,0,0,11,0,40,0,FALSE,72999,0,0,25,0,32,0,FALSE,72999,0,0,25,0,31,0,FALSE,72999,0,0,34,0,26,0,FALSE,72999,0,0,0,0,50,0,FALSE,72999,0,0,10,0,44,0,FALSE,72999,0,0,8,0,40,0,FALSE,72999,0,0,28,0,41,0,FALSE,72999,0,0,12,0,48,0,FALSE,72999,0,0,73,0,0,0,FALSE,72999,0,0,26,0,44,0,FALSE,72999,0,0,10,0,52,0,FALSE,72999,0,0,34,0,18,0,FALSE,72999,0,0,38,0,19,0,FALSE,72999,0,0,0,0,43,0,FALSE,72999,0,0,29,0,46,0,FALSE,72999,7,0,0,0,50,0,FALSE,72999,9,0,0,0,49,0,FALSE,72999,0,0,79,0,0,0,FALSE,72999,0,0,45,0,24,0,FALSE,72999,0,0,23,0,42,0,FALSE,72999,0,0,22,0,48,0,FALSE,72999,0,0,0,0,45,0,FALSE,72999,0,0,46,0,13,0,FALSE,72999,0,0,39,0,19,0,FALSE,72999,0,0,0,0,37,0,FALSE,72999,0,0,37,0,32,0,FALSE,72999,0,0,17,0,36,0,FALSE,72999,0,0,63,0,0,0,FALSE,72999,0,0,25,0,33,0,FALSE,72999,0,0,47,0,24,0,FALSE,72999,0,0,41,0,21,0,FALSE,72999,0,0,37,0,31,0,FALSE,72999,0,0,0,0,48,0,FALSE,72999,0,0,11,0,31,0,FALSE,72999,0,0,37,0,29,0,FALSE,72999,0,0,26,0,33,0,FALSE,72999,0,0,66,0,0,0,FALSE,72999,13,0,0,0,41,0,FALSE,72999,0,0,0,0,49,0,FALSE,72999,0,0,52,0,28,0,FALSE,72999,0,0,0,0,41,0,FALSE,72999,0,0,17,0,32,0,FALSE,72999,0,0,46,0,13,0,FALSE,72999,0,0,20,0,42,0,FALSE,72999,4,0,0,0,42,0,FALSE,72999,0,0,20,0,35,0,FALSE,72999,11,0,0,0,44,0,FALSE,72999,5,0,0,0,56,0,FALSE,72999,0,0,21,0,44,0,FALSE,72999,3,0,0,0,57,0,FALSE,72999,0,0,49,0,19,0,FALSE,72999,0,0,21,0,40,0,FALSE,72999,5,0,0,0,39,0,FALSE,72999,0,0,0,0,41,0,FALSE,72999,0,0,44,0,24,0,FALSE,72999,0,0,16,0,43,0,FALSE,72999,0,0,22,0,31,0,FALSE,72999,0,0,62,0,0,0,FALSE,72999,0,0,20,0,33,0,FALSE,72999,0,0,36,0,31,0,FALSE,72999,0,0,26,0,32,0,FALSE,72999,7,0,0,0,34,0,FALSE,72999,0,0,39,0,29,0,FALSE,72999,0,0,14,0,35,0,FALSE,72999,0,0,32,0,32,0,FALSE,72999,0,0,15,0,41,0,FALSE,72999,0,0,39,0,21,0,FALSE,72999,0,0,0,0,38,0,FALSE,72999,0,0,73,0,0,0,FALSE,72999,0,0,25,0,39,0,FALSE,72999,0,0,26,0,39,0,FALSE,72999,0,0,63,0,1,0,FALSE,72999,0,0,59,0,0,0,FALSE,72999,0,0,19,0,47,0,FALSE,72999,0,0,0,0,38,0,FALSE,72999,0,0,17,0,51,0,FALSE,72999,0,0,47,0,6,0,FALSE,72999,0,0,25,0,44,0,FALSE,72999,0,0,31,0,36,0,FALSE,72999,0,0,20,0,35,0,FALSE,72999,0,0,0,0,42,0,FALSE,72999,0,0,25,0,48,0,FALSE,72999,14,0,0,0,43,0,FALSE,72999,7,0,0,0,54,0,FALSE,72999,0,0,19,0,45,0,FALSE,72999,0,0,0,0,47,0,FALSE,72999,0,0,0,0,55,0,FALSE,72999,0,0,0,0,46,0,FALSE,72999,0,0,27,0,44,0,FALSE,72999,0,0,79,0,0,0,FALSE,72999,0,0,52,0,9,0,FALSE,72999,5,0,0,0,45,0,FALSE,72999,0,0,15,0,28,0,FALSE
